unit_id,cycle,sensor_2,sensor_3,sensor_4,sensor_7,sensor_11,sensor_15,RUL
1,1,641.533,1588.007,1405.656,553.023,46.875,8.405,146
1,2,641.861,1584.947,1394.917,554.436,47.396,8.403,145
1,3,642.513,1586.896,1394.908,554.178,46.963,8.436,144
1,4,641.986,1584.301,1396.013,554.601,47.165,8.384,143
1,5,641.853,1587.186,1402.331,554.193,47.313,8.487,142
1,6,641.832,1583.025,1395.299,554.29,47.49,8.397,141
1,7,641.641,1581.796,1404.132,554.349,47.345,8.375,140
1,8,642.127,1585.581,1401.591,554.408,47.267,8.429,139
1,9,642.058,1586.293,1404.121,553.238,47.134,8.384,138
1,10,641.744,1584.059,1409.36,553.528,47.458,8.336,137
1,11,641.886,1585.835,1403.968,554.311,47.417,8.39,136
1,12,641.834,1588.642,1399.365,553.311,46.938,8.367,135
1,13,642.271,1585.806,1404.721,553.729,47.263,8.43,134
1,14,641.914,1587.092,1396.675,553.754,47.131,8.357,133
1,15,642.278,1583.416,1400.792,554.169,47.341,8.432,132
1,16,642.02,1583.63,1400.312,553.077,46.871,8.354,131
1,17,641.622,1586.953,1395.432,553.724,47.56,8.393,130
1,18,642.409,1581.651,1399.71,553.431,47.154,8.441,129
1,19,641.306,1587.156,1402.449,553.601,46.88,8.411,128
1,20,641.852,1586.382,1401.235,554.69,47.185,8.368,127
1,21,642.178,1586.366,1409.343,554.299,47.338,8.468,126
1,22,641.569,1582.962,1395.714,553.678,46.908,8.436,125
1,23,642.011,1579.674,1395.268,554.021,47.465,8.491,124
1,24,643.43,1587.251,1395.514,552.789,47.326,8.379,123
1,25,641.939,1583.183,1400.698,554.379,47.302,8.406,122
1,26,641.668,1578.971,1398.719,553.809,47.709,8.419,121
1,27,642.584,1583.711,1394.622,553.344,47.09,8.499,120
1,28,641.78,1589.102,1396.411,554.283,47.371,8.409,119
1,29,642.139,1583.169,1404.604,553.58,46.972,8.365,118
1,30,642.244,1592.146,1402.988,553.738,47.354,8.469,117
1,31,642.273,1584.228,1408.768,554.001,47.671,8.425,116
1,32,641.632,1580.441,1412.14,554.638,47.247,8.403,115
1,33,642.849,1581.529,1396.972,554.088,47.197,8.419,114
1,34,642.127,1587.351,1410.892,553.801,47.461,8.338,113
1,35,642.187,1582.673,1395.243,553.305,47.221,8.458,112
1,36,641.621,1586.213,1399.761,553.57,47.56,8.443,111
1,37,642.829,1585.518,1398.602,553.61,47.374,8.43,110
1,38,641.749,1586.545,1404.261,554.97,47.787,8.39,109
1,39,642.117,1580.376,1399.462,553.857,47.624,8.395,108
1,40,641.961,1577.688,1402.147,553.157,47.195,8.39,107
1,41,642.223,1579.295,1394.438,554.741,47.011,8.383,106
1,42,643.102,1597.995,1396.33,553.48,47.423,8.497,105
1,43,641.841,1585.443,1408.145,553.869,47.248,8.423,104
1,44,641.676,1585.521,1402.004,553.756,47.209,8.448,103
1,45,642.761,1587.146,1405.837,553.654,47.352,8.402,102
1,46,642.458,1586.186,1416.41,554.402,47.454,8.401,101
1,47,641.825,1591.392,1405.554,553.842,46.927,8.47,100
1,48,642.54,1582.238,1401.276,553.721,47.381,8.422,99
1,49,642.3,1585.724,1405.149,554.312,46.732,8.425,98
1,50,642.436,1587.969,1402.133,552.685,47.461,8.505,97
1,51,641.678,1590.294,1402.525,553.52,47.121,8.423,96
1,52,642.964,1589.224,1415.022,554.126,47.499,8.508,95
1,53,642.587,1590.26,1402.983,553.557,47.22,8.479,94
1,54,641.871,1590.133,1403.754,554.096,47.588,8.513,93
1,55,642.741,1580.772,1404.633,552.911,47.276,8.502,92
1,56,642.71,1584.32,1399.091,553.499,47.107,8.415,91
1,57,642.575,1591.794,1408.965,552.323,47.493,8.446,90
1,58,642.632,1593.695,1393.073,553.159,47.571,8.381,89
1,59,643.122,1588.762,1410.674,553.155,47.632,8.489,88
1,60,642.574,1588.284,1407.359,552.995,47.398,8.441,87
1,61,642.654,1591.405,1399.53,553.349,47.811,8.418,86
1,62,642.123,1588.274,1411.092,553.403,47.779,8.484,85
1,63,642.884,1589.742,1420.138,553.28,46.952,8.515,84
1,64,642.311,1588.017,1414.177,552.567,47.146,8.388,83
1,65,642.172,1589.405,1409.614,553.491,47.111,8.361,82
1,66,642.566,1585.82,1409.375,553.689,47.505,8.485,81
1,67,642.657,1589.89,1402.541,553.233,47.526,8.488,80
1,68,642.389,1589.916,1405.327,553.249,47.691,8.377,79
1,69,641.995,1581.966,1393.073,552.953,47.677,8.446,78
1,70,642.68,1592.314,1415.195,553.243,47.834,8.463,77
1,71,642.227,1585.643,1398.502,552.817,47.413,8.493,76
1,72,643.391,1582.556,1409.898,552.726,47.627,8.456,75
1,73,641.806,1591.863,1404.069,552.963,47.248,8.437,74
1,74,642.835,1587.458,1409.83,553.395,47.852,8.451,73
1,75,641.991,1592.549,1406.029,553.756,47.624,8.46,72
1,76,642.826,1596.15,1420.64,553.217,47.575,8.51,71
1,77,642.302,1589.744,1408.185,553.323,47.333,8.405,70
1,78,641.763,1584.009,1405.751,553.003,48.032,8.514,69
1,79,642.276,1589.937,1406.225,552.991,47.601,8.496,68
1,80,642.57,1592.869,1401.981,553.12,48.211,8.481,67
1,81,643.381,1589.047,1412.483,553.072,47.526,8.442,66
1,82,642.944,1585.343,1413.159,553.626,47.667,8.464,65
1,83,642.968,1587.584,1414.947,552.151,47.498,8.397,64
1,84,642.105,1594.343,1414.874,552.69,47.213,8.359,63
1,85,642.547,1598.639,1412.283,552.753,47.712,8.417,62
1,86,642.672,1589.425,1409.328,553.411,47.689,8.507,61
1,87,642.51,1592.689,1419.79,552.513,47.388,8.535,60
1,88,642.748,1594.784,1407.535,553.709,47.65,8.494,59
1,89,643.552,1587.793,1404.717,552.739,47.737,8.422,58
1,90,643.149,1587.156,1417.426,551.749,47.435,8.419,57
1,91,642.505,1590.374,1409.64,552.802,47.599,8.496,56
1,92,642.437,1592.283,1414.869,553.103,47.785,8.501,55
1,93,643.822,1589.181,1409.228,552.516,47.395,8.441,54
1,94,642.52,1589.319,1413.255,552.901,47.469,8.528,53
1,95,643.268,1589.037,1407.512,553.131,47.715,8.436,52
1,96,642.919,1590.798,1406.212,552.934,47.311,8.548,51
1,97,643.526,1588.814,1413.973,551.616,47.393,8.485,50
1,98,642.497,1592.757,1423.959,552.214,47.481,8.507,49
1,99,643.72,1585.085,1413.653,553.695,47.284,8.448,48
1,100,642.819,1587.967,1417.219,552.886,47.261,8.522,47
1,101,642.765,1595.223,1408.764,552.429,47.848,8.533,46
1,102,643.242,1583.46,1415.944,552.211,47.779,8.447,45
1,103,643.257,1587.052,1405.208,553.067,47.788,8.481,44
1,104,643.724,1588.593,1413.284,552.825,47.581,8.526,43
1,105,642.847,1588.787,1421.457,552.152,47.14,8.573,42
1,106,644.249,1588.89,1401.85,552.498,47.68,8.503,41
1,107,642.617,1592.907,1416.809,551.887,47.934,8.594,40
1,108,643.211,1589.318,1413.002,552.922,47.334,8.52,39
1,109,642.974,1598.138,1413.002,553.429,47.499,8.538,38
1,110,643.309,1587.35,1415.305,553.182,47.702,8.449,37
1,111,643.173,1587.296,1412.381,552.516,47.364,8.453,36
1,112,643.414,1588.895,1399.243,552.929,47.867,8.491,35
1,113,642.621,1594.409,1416.923,553.709,47.912,8.537,34
1,114,643.154,1594.414,1418.775,553.123,47.684,8.506,33
1,115,643.03,1594.391,1424.213,552.248,47.717,8.537,32
1,116,643.151,1595.117,1401.911,552.044,47.635,8.433,31
1,117,642.844,1587.73,1414.415,552.994,47.778,8.487,30
1,118,643.269,1595.669,1409.967,551.962,47.987,8.521,29
1,119,643.602,1591.501,1420.234,551.88,47.853,8.523,28
1,120,642.78,1585.384,1420.341,552.202,47.608,8.529,27
1,121,643.852,1582.598,1407.45,551.896,48.237,8.546,26
1,122,643.706,1587.244,1409.916,552.561,47.895,8.558,25
1,123,643.293,1593.001,1417.787,552.705,48.091,8.473,24
1,124,642.383,1595.98,1424.171,551.785,47.432,8.543,23
1,125,643.83,1599.248,1420.349,552.089,47.682,8.542,22
1,126,643.294,1588.082,1429.751,553.147,48.198,8.506,21
1,127,643.83,1594.786,1420.322,552.858,48.082,8.574,20
1,128,643.749,1593.676,1407.174,552.254,47.792,8.495,19
1,129,644.237,1599.315,1426.241,552.319,48.278,8.548,18
1,130,643.588,1588.111,1420.678,552.201,47.623,8.548,17
1,131,643.478,1599.762,1423.873,552.155,48.019,8.553,16
1,132,643.44,1588.329,1417.814,551.755,47.653,8.574,15
1,133,643.725,1585.599,1418.197,552.605,48.239,8.596,14
1,134,643.584,1589.453,1412.645,552.258,48.078,8.608,13
1,135,644.079,1592.392,1411.897,551.904,48.046,8.55,12
1,136,643.342,1594.02,1416.554,551.728,48.079,8.544,11
1,137,643.729,1594.19,1412.957,551.78,48.369,8.515,10
1,138,642.685,1585.739,1420.185,552.014,47.989,8.612,9
1,139,642.452,1594.859,1429.597,551.413,47.933,8.535,8
1,140,643.271,1592.06,1429.012,552.874,47.953,8.643,7
1,141,643.707,1600.469,1420.107,551.999,48.137,8.696,6
1,142,644.092,1590.716,1426.701,551.73,47.932,8.607,5
1,143,643.741,1594.749,1421.192,552.057,48.17,8.495,4
1,144,644.045,1589.798,1412.676,551.838,48.094,8.547,3
1,145,644.137,1588.448,1419.111,551.552,48.07,8.587,2
1,146,643.328,1596.805,1422.154,550.876,47.601,8.578,1
1,147,643.701,1593.586,1421.832,551.913,48.337,8.536,0
2,1,641.473,1580.63,1401.741,554.622,47.092,8.3,201
2,2,641.235,1581.677,1396.675,553.794,47.211,8.388,200
2,3,642.475,1582.312,1394.866,554.235,46.818,8.416,199
2,4,642.051,1584.435,1409.591,553.683,47.718,8.391,198
2,5,641.432,1585.315,1393.628,553.616,47.303,8.423,197
2,6,641.729,1588.996,1407.058,554.707,47.337,8.455,196
2,7,641.165,1583.786,1394.94,554.045,47.063,8.395,195
2,8,642.861,1584.392,1402.656,553.867,47.226,8.402,194
2,9,642.219,1589.746,1410.091,554.134,47.356,8.356,193
2,10,641.98,1588.86,1405.438,554.082,47.432,8.422,192
2,11,642.563,1586.272,1398.145,554.14,46.479,8.418,191
2,12,640.384,1578.236,1403.029,554.207,46.922,8.374,190
2,13,642.646,1583.211,1413.817,553.963,47.317,8.468,189
2,14,642.092,1581.155,1399.743,553.942,46.875,8.393,188
2,15,641.702,1588.88,1400.653,553.814,47.192,8.413,187
2,16,642.318,1581.202,1394.241,554.503,47.117,8.347,186
2,17,642.244,1587.073,1391.353,554.061,47.406,8.419,185
2,18,642.332,1579.622,1402.571,553.79,47.103,8.44,184
2,19,642.718,1592.437,1408.523,553.882,47.314,8.436,183
2,20,642.111,1585.803,1405.628,553.902,47.046,8.389,182
2,21,642.346,1585.314,1402.779,554.261,47.136,8.436,181
2,22,642.235,1580.384,1409.445,553.671,46.819,8.365,180
2,23,641.61,1585.554,1399.202,553.747,47.39,8.421,179
2,24,642.216,1587.008,1404.598,552.856,47.146,8.32,178
2,25,642.095,1585.373,1407.231,554.498,47.29,8.388,177
2,26,642.301,1583.304,1401.008,554.391,47.102,8.441,176
2,27,642.393,1581.621,1406.918,554.242,47.269,8.378,175
2,28,641.706,1583.314,1404.391,553.409,47.356,8.36,174
2,29,642.006,1585.928,1415.868,553.192,47.617,8.416,173
2,30,642.288,1585.988,1403.928,553.797,47.615,8.392,172
2,31,642.618,1582.964,1400.961,553.332,47.368,8.469,171
2,32,642.079,1584.78,1394.699,553.747,46.859,8.375,170
2,33,642.221,1590.87,1418.308,553.561,47.618,8.422,169
2,34,642.056,1587.352,1401.891,553.903,47.16,8.357,168
2,35,641.435,1588.262,1399.927,553.543,47.267,8.445,167
2,36,642.217,1583.053,1409.013,554.624,47.391,8.452,166
2,37,642.7,1590.226,1405.409,554.127,47.4,8.37,165
2,38,642.462,1580.311,1397.027,554.472,47.483,8.474,164
2,39,642.03,1581.155,1400.424,553.864,47.296,8.461,163
2,40,641.996,1587.201,1396.007,554.031,47.28,8.386,162
2,41,642.058,1585.086,1400.391,554.684,47.258,8.407,161
2,42,641.227,1582.276,1400.507,553.448,47.631,8.41,160
2,43,642.757,1586.131,1402.384,553.74,47.289,8.486,159
2,44,641.139,1577.909,1398.978,553.784,47.464,8.437,158
2,45,642.016,1590.022,1408.494,553.861,47.535,8.43,157
2,46,641.943,1588.769,1403.054,553.762,47.666,8.322,156
2,47,641.564,1581.262,1400.29,553.626,46.924,8.381,155
2,48,641.821,1595.872,1413.359,553.539,47.213,8.375,154
2,49,641.356,1585.608,1396.641,553.695,46.907,8.391,153
2,50,642.289,1587.573,1405.214,553.069,47.525,8.39,152
2,51,642.513,1586.099,1394.533,553.563,47.406,8.447,151
2,52,642.172,1592.303,1408.918,553.584,47.505,8.501,150
2,53,643.124,1581.298,1397.398,554.447,47.056,8.371,149
2,54,642.03,1587.925,1402.426,553.371,47.156,8.396,148
2,55,641.86,1595.405,1404.911,554.131,47.206,8.418,147
2,56,641.942,1575.707,1394.943,552.774,46.769,8.378,146
2,57,642.866,1586.171,1411.041,553.876,47.531,8.391,145
2,58,642.513,1589.3,1399.925,553.941,47.48,8.406,144
2,59,641.779,1581.684,1403.992,553.816,47.144,8.429,143
2,60,642.548,1588.93,1412.873,554.282,47.095,8.496,142
2,61,642.06,1590.673,1404.059,553.429,46.897,8.423,141
2,62,641.604,1590.4,1412.842,553.227,47.429,8.402,140
2,63,642.031,1589.666,1403.601,554.487,47.236,8.471,139
2,64,642.365,1589.788,1401.24,553.583,47.332,8.399,138
2,65,642.626,1589.244,1407.577,554.367,47.727,8.418,137
2,66,642.504,1584.186,1404.249,553.289,47.773,8.448,136
2,67,642.246,1591.494,1391.179,552.573,47.571,8.437,135
2,68,642.464,1581.452,1404.158,554.572,47.582,8.442,134
2,69,642.162,1585.218,1391.617,553.69,47.591,8.373,133
2,70,642.07,1582.206,1398.696,553.578,46.862,8.461,132
2,71,642.714,1585.871,1389.7,553.043,47.696,8.326,131
2,72,642.227,1582.195,1409.509,553.194,47.493,8.461,130
2,73,643.217,1586.143,1407.036,552.78,47.693,8.409,129
2,74,642.147,1586.907,1395.501,553.627,47.641,8.452,128
2,75,641.692,1586.541,1409.429,552.563,47.135,8.476,127
2,76,642.537,1588.725,1416.234,553.727,47.572,8.55,126
2,77,642.327,1583.927,1407.744,553.702,47.28,8.401,125
2,78,643.471,1588.467,1400.885,553.93,47.389,8.433,124
2,79,642.693,1582.034,1407.496,554.418,47.537,8.429,123
2,80,642.22,1585.602,1403.959,553.263,47.653,8.376,122
2,81,642.845,1585.767,1407.848,552.878,47.761,8.496,121
2,82,642.897,1581.269,1410.665,553.633,47.031,8.446,120
2,83,642.638,1589.595,1406.858,553.566,47.805,8.496,119
2,84,641.193,1586.144,1404.912,552.534,47.465,8.498,118
2,85,642.002,1588.802,1400.51,553.064,47.815,8.427,117
2,86,642.708,1580.015,1417.285,553.69,47.404,8.473,116
2,87,641.874,1592.274,1404.274,553.276,47.331,8.428,115
2,88,642.83,1588.611,1410.236,553.363,47.587,8.435,114
2,89,643.53,1581.36,1414.0,554.041,47.25,8.542,113
2,90,642.983,1591.561,1406.711,553.237,47.415,8.469,112
2,91,643.175,1588.447,1401.183,553.747,47.702,8.481,111
2,92,642.889,1586.683,1401.188,552.89,47.068,8.465,110
2,93,642.525,1586.052,1389.139,552.689,47.761,8.43,109
2,94,642.734,1582.294,1415.616,553.23,47.558,8.55,108
2,95,643.263,1586.676,1403.536,553.128,47.618,8.454,107
2,96,642.412,1593.817,1406.523,554.429,47.518,8.53,106
2,97,642.76,1591.847,1402.973,552.841,47.614,8.499,105
2,98,642.626,1582.896,1399.273,552.543,47.062,8.465,104
2,99,643.124,1588.034,1393.986,553.15,47.468,8.546,103
2,100,641.971,1586.572,1417.898,553.459,47.654,8.467,102
2,101,642.785,1591.292,1402.921,553.661,47.175,8.477,101
2,102,642.726,1585.764,1407.758,552.899,47.255,8.45,100
2,103,642.159,1589.568,1401.11,553.555,47.232,8.443,99
2,104,642.384,1593.625,1410.109,553.081,47.657,8.382,98
2,105,642.655,1596.363,1409.039,553.209,47.674,8.503,97
2,106,641.785,1581.692,1409.625,552.806,47.87,8.456,96
2,107,641.823,1583.398,1391.983,553.035,47.5,8.452,95
2,108,643.189,1593.313,1407.578,552.073,47.706,8.493,94
2,109,642.853,1592.493,1401.731,554.132,47.317,8.501,93
2,110,641.964,1584.896,1417.939,552.985,47.772,8.482,92
2,111,642.686,1594.121,1407.542,552.213,47.366,8.495,91
2,112,642.921,1582.447,1404.737,552.801,47.48,8.419,90
2,113,642.47,1585.851,1413.834,553.484,47.54,8.46,89
2,114,642.826,1585.549,1402.446,552.597,47.423,8.43,88
2,115,642.846,1591.785,1399.928,553.068,47.532,8.491,87
2,116,642.777,1583.102,1401.999,553.057,47.849,8.39,86
2,117,642.949,1593.726,1408.78,553.305,47.421,8.475,85
2,118,642.074,1579.641,1415.479,552.525,47.488,8.425,84
2,119,642.179,1588.374,1405.57,553.194,47.72,8.494,83
2,120,642.932,1595.432,1403.668,552.965,47.895,8.533,82
2,121,642.195,1587.923,1418.348,553.234,47.666,8.475,81
2,122,642.672,1590.377,1408.812,552.946,47.642,8.457,80
2,123,643.095,1600.933,1399.791,553.117,47.438,8.509,79
2,124,642.887,1592.376,1417.634,553.038,47.916,8.393,78
2,125,643.592,1590.881,1417.176,552.319,47.43,8.493,77
2,126,642.879,1590.566,1417.345,552.034,47.887,8.489,76
2,127,642.806,1583.602,1413.986,551.696,47.811,8.43,75
2,128,642.932,1589.063,1418.114,552.801,47.48,8.471,74
2,129,643.491,1591.738,1408.914,552.759,47.268,8.507,73
2,130,642.137,1592.654,1412.13,554.058,47.39,8.489,72
2,131,643.749,1594.466,1407.312,552.963,47.671,8.505,71
2,132,642.636,1589.397,1402.033,552.905,47.788,8.486,70
2,133,642.235,1593.762,1413.941,552.462,47.611,8.436,69
2,134,642.511,1587.711,1419.257,552.492,47.846,8.476,68
2,135,643.095,1589.352,1417.258,552.531,47.299,8.443,67
2,136,642.755,1584.976,1414.615,552.552,48.291,8.43,66
2,137,643.097,1585.515,1409.327,552.842,47.121,8.51,65
2,138,643.873,1588.268,1413.981,553.27,47.667,8.478,64
2,139,642.003,1592.701,1411.879,552.238,47.745,8.479,63
2,140,642.801,1592.618,1404.663,553.254,47.37,8.477,62
2,141,643.915,1594.758,1413.416,552.247,47.593,8.508,61
2,142,643.078,1589.941,1412.782,552.596,47.37,8.485,60
2,143,643.484,1584.887,1411.967,552.28,47.764,8.492,59
2,144,643.748,1592.443,1405.371,553.011,47.548,8.485,58
2,145,643.236,1588.507,1418.737,552.275,47.593,8.483,57
2,146,642.852,1594.927,1417.291,553.503,48.32,8.469,56
2,147,643.149,1585.882,1408.992,552.319,47.494,8.47,55
2,148,643.064,1585.777,1418.85,552.161,48.467,8.495,54
2,149,643.173,1585.52,1424.174,553.166,47.844,8.46,53
2,150,643.247,1586.273,1422.852,552.997,47.8,8.418,52
2,151,642.721,1593.568,1421.496,553.133,47.384,8.528,51
2,152,643.632,1584.241,1414.313,552.701,47.712,8.443,50
2,153,643.04,1589.623,1413.614,552.268,47.683,8.517,49
2,154,643.397,1589.773,1412.187,552.582,47.319,8.539,48
2,155,643.21,1591.208,1420.552,551.545,47.311,8.532,47
2,156,643.218,1591.789,1412.158,552.839,48.044,8.542,46
2,157,643.116,1582.736,1419.69,553.103,47.978,8.488,45
2,158,643.548,1594.668,1424.572,552.04,47.766,8.554,44
2,159,643.283,1586.816,1417.851,552.753,47.85,8.534,43
2,160,643.152,1597.258,1410.105,552.155,47.837,8.562,42
2,161,642.607,1586.163,1403.428,552.451,47.561,8.513,41
2,162,643.59,1588.898,1417.188,552.27,48.014,8.548,40
2,163,642.993,1590.849,1422.209,552.602,47.503,8.557,39
2,164,642.829,1597.234,1422.238,552.536,47.898,8.523,38
2,165,643.634,1590.161,1417.655,552.812,47.724,8.508,37
2,166,642.803,1587.447,1405.419,552.726,48.323,8.591,36
2,167,642.621,1594.665,1425.07,552.118,47.902,8.455,35
2,168,643.485,1587.572,1417.884,551.551,48.018,8.578,34
2,169,643.025,1587.34,1403.899,552.183,47.743,8.476,33
2,170,643.594,1590.149,1410.531,552.024,48.163,8.563,32
2,171,643.343,1594.486,1410.17,552.303,47.938,8.521,31
2,172,643.61,1588.95,1420.345,552.547,47.178,8.589,30
2,173,642.055,1589.669,1423.589,552.098,47.547,8.499,29
2,174,643.901,1584.509,1424.362,552.214,47.621,8.521,28
2,175,642.994,1595.722,1422.135,551.366,47.825,8.511,27
2,176,644.046,1586.919,1427.518,552.194,47.641,8.519,26
2,177,643.116,1587.284,1418.614,551.582,47.393,8.532,25
2,178,642.678,1589.436,1412.743,551.745,48.445,8.551,24
2,179,643.612,1585.402,1414.428,552.272,47.695,8.586,23
2,180,642.973,1591.425,1414.989,552.232,47.797,8.541,22
2,181,643.42,1589.696,1421.571,552.253,47.941,8.535,21
2,182,643.898,1591.754,1416.975,552.171,48.394,8.5,20
2,183,643.899,1585.188,1420.274,552.891,48.098,8.562,19
2,184,643.313,1592.948,1417.614,551.694,47.91,8.564,18
2,185,643.232,1589.663,1411.121,552.267,48.125,8.567,17
2,186,644.025,1593.304,1421.791,552.208,47.972,8.538,16
2,187,644.6,1591.209,1415.6,552.257,48.065,8.504,15
2,188,644.121,1592.704,1413.087,552.619,48.164,8.511,14
2,189,644.429,1595.781,1419.85,552.804,48.054,8.562,13
2,190,643.345,1595.537,1422.929,552.0,47.824,8.569,12
2,191,643.624,1587.941,1411.397,552.26,47.377,8.574,11
2,192,643.453,1598.573,1417.426,552.291,47.935,8.571,10
2,193,644.013,1591.555,1426.526,551.449,48.114,8.605,9
2,194,643.991,1601.136,1416.125,551.24,47.798,8.596,8
2,195,643.931,1593.945,1414.129,552.297,47.747,8.617,7
2,196,645.006,1595.068,1424.526,551.651,47.608,8.548,6
2,197,643.242,1587.88,1431.522,552.018,48.162,8.561,5
2,198,643.669,1597.592,1421.156,552.13,48.024,8.561,4
2,199,643.127,1585.889,1419.942,551.877,47.758,8.575,3
2,200,643.798,1585.243,1416.183,552.036,48.183,8.531,2
2,201,643.858,1598.023,1426.499,551.769,47.976,8.553,1
2,202,644.011,1594.78,1425.776,551.866,48.305,8.584,0
3,1,642.393,1581.785,1389.159,554.771,47.264,8.331,196
3,2,641.681,1588.097,1398.344,553.742,47.551,8.358,195
3,3,641.644,1585.862,1402.384,554.244,47.43,8.408,194
3,4,642.225,1583.989,1400.44,554.047,47.256,8.431,193
3,5,642.257,1585.213,1395.234,554.025,47.197,8.408,192
3,6,643.003,1582.953,1402.651,554.523,47.229,8.494,191
3,7,641.842,1586.357,1395.355,553.81,47.268,8.435,190
3,8,642.158,1590.11,1399.61,553.816,47.883,8.417,189
3,9,641.694,1582.311,1394.559,554.447,47.118,8.407,188
3,10,641.992,1588.029,1395.171,553.437,47.266,8.426,187
3,11,642.173,1581.881,1404.355,553.599,47.081,8.365,186
3,12,642.613,1587.669,1403.961,554.591,47.917,8.334,185
3,13,641.698,1582.688,1395.268,553.424,47.14,8.354,184
3,14,642.185,1585.377,1403.303,554.212,47.368,8.388,183
3,15,642.992,1586.127,1389.287,553.453,46.784,8.404,182
3,16,641.987,1583.335,1412.575,554.224,47.402,8.367,181
3,17,641.596,1585.375,1401.596,553.016,47.178,8.405,180
3,18,641.953,1581.995,1397.37,553.851,47.248,8.429,179
3,19,642.54,1584.092,1397.922,554.153,47.38,8.388,178
3,20,642.414,1589.209,1408.462,554.818,47.013,8.406,177
3,21,642.068,1584.921,1396.87,553.181,47.254,8.376,176
3,22,642.106,1582.16,1394.223,554.035,47.271,8.43,175
3,23,643.055,1586.468,1403.788,553.373,46.914,8.47,174
3,24,641.661,1581.207,1400.701,553.861,47.013,8.395,173
3,25,642.635,1582.183,1392.633,554.372,47.364,8.383,172
3,26,641.374,1582.453,1400.727,554.477,46.984,8.405,171
3,27,642.395,1575.932,1407.319,553.297,47.329,8.419,170
3,28,642.585,1587.686,1386.915,553.49,47.283,8.402,169
3,29,642.317,1588.666,1404.893,553.769,46.789,8.392,168
3,30,642.294,1581.173,1405.095,554.323,47.285,8.288,167
3,31,641.537,1593.107,1398.094,552.871,47.565,8.412,166
3,32,642.615,1586.697,1404.192,554.037,47.433,8.503,165
3,33,642.56,1579.296,1404.188,554.42,47.562,8.395,164
3,34,642.653,1589.356,1417.013,553.467,47.138,8.401,163
3,35,641.914,1582.114,1385.071,553.618,47.36,8.394,162
3,36,643.012,1585.757,1409.465,553.959,47.477,8.425,161
3,37,642.762,1585.956,1404.767,554.004,47.201,8.431,160
3,38,643.158,1584.681,1404.381,554.443,47.561,8.416,159
3,39,641.086,1587.86,1388.621,554.541,47.322,8.456,158
3,40,641.759,1579.613,1403.577,553.782,47.159,8.42,157
3,41,643.416,1589.193,1408.386,554.213,47.655,8.409,156
3,42,641.253,1585.132,1407.036,553.299,47.245,8.39,155
3,43,642.859,1588.916,1406.153,554.086,47.282,8.426,154
3,44,641.657,1577.204,1403.223,553.93,47.597,8.482,153
3,45,642.903,1581.99,1400.288,554.0,47.931,8.479,152
3,46,642.707,1584.464,1397.183,554.146,47.026,8.411,151
3,47,642.158,1592.42,1400.436,552.524,47.431,8.393,150
3,48,642.236,1585.736,1401.004,554.131,46.925,8.401,149
3,49,642.531,1583.66,1393.076,554.061,47.592,8.421,148
3,50,641.348,1588.975,1392.854,553.873,47.093,8.377,147
3,51,642.038,1585.452,1399.033,554.005,47.207,8.463,146
3,52,642.371,1583.43,1397.788,552.878,47.395,8.41,145
3,53,641.184,1584.113,1397.664,554.481,46.9,8.367,144
3,54,642.758,1591.719,1398.687,553.368,47.483,8.333,143
3,55,641.428,1585.205,1412.545,553.458,47.358,8.472,142
3,56,643.221,1584.057,1403.233,554.578,46.956,8.468,141
3,57,641.822,1586.811,1401.968,553.179,47.094,8.439,140
3,58,642.736,1585.919,1403.935,553.934,47.101,8.458,139
3,59,642.664,1596.89,1401.349,553.41,47.54,8.462,138
3,60,642.062,1584.9,1406.945,553.216,47.249,8.434,137
3,61,642.758,1584.132,1392.736,552.663,47.04,8.378,136
3,62,642.248,1581.834,1399.668,553.225,47.249,8.485,135
3,63,642.623,1586.692,1401.212,553.386,47.445,8.456,134
3,64,641.925,1586.812,1391.884,553.698,47.557,8.422,133
3,65,643.159,1583.181,1405.474,553.565,47.345,8.43,132
3,66,642.397,1590.137,1412.533,553.572,47.578,8.407,131
3,67,642.702,1583.737,1410.907,554.669,47.348,8.348,130
3,68,642.118,1591.753,1407.78,553.678,47.635,8.456,129
3,69,642.921,1590.543,1413.691,553.723,47.613,8.425,128
3,70,642.111,1593.733,1405.957,553.936,47.422,8.415,127
3,71,642.394,1592.691,1408.091,552.668,47.341,8.51,126
3,72,642.302,1579.787,1416.219,553.855,47.381,8.425,125
3,73,642.893,1584.862,1411.852,553.775,47.464,8.446,124
3,74,642.336,1591.255,1399.873,552.683,47.561,8.467,123
3,75,642.639,1588.745,1403.245,553.877,47.4,8.423,122
3,76,642.291,1595.239,1394.862,553.723,46.996,8.439,121
3,77,642.245,1578.859,1407.71,553.272,46.895,8.478,120
3,78,643.094,1593.203,1407.635,553.475,47.756,8.512,119
3,79,642.967,1583.519,1406.795,553.661,46.976,8.464,118
3,80,643.489,1589.889,1414.534,553.522,47.415,8.462,117
3,81,642.107,1583.518,1413.398,554.106,47.19,8.486,116
3,82,642.444,1588.776,1408.669,553.906,47.462,8.505,115
3,83,642.631,1589.958,1401.017,554.478,47.564,8.478,114
3,84,641.777,1584.215,1413.553,553.531,46.972,8.492,113
3,85,642.265,1593.196,1405.708,553.479,47.75,8.415,112
3,86,642.072,1586.81,1411.309,552.7,47.043,8.485,111
3,87,642.257,1586.072,1395.316,553.015,47.462,8.49,110
3,88,642.19,1594.317,1402.461,553.002,47.853,8.462,109
3,89,642.298,1587.112,1414.799,554.065,47.269,8.453,108
3,90,642.596,1583.834,1406.459,553.323,47.763,8.504,107
3,91,642.417,1586.97,1410.893,553.017,47.63,8.453,106
3,92,642.138,1584.045,1415.703,553.22,47.897,8.437,105
3,93,642.715,1597.49,1400.792,552.338,47.814,8.425,104
3,94,642.584,1585.623,1408.86,552.8,47.452,8.477,103
3,95,642.149,1585.214,1405.283,552.549,47.396,8.465,102
3,96,642.433,1586.976,1407.365,552.924,47.679,8.519,101
3,97,642.413,1590.05,1406.163,553.423,47.902,8.483,100
3,98,641.834,1589.974,1415.116,553.117,47.765,8.436,99
3,99,641.973,1588.771,1397.299,553.096,47.842,8.388,98
3,100,642.075,1584.127,1407.577,553.021,47.875,8.503,97
3,101,642.884,1588.886,1410.436,552.761,47.745,8.422,96
3,102,643.047,1593.098,1409.462,553.092,47.635,8.353,95
3,103,642.817,1587.949,1408.013,553.522,47.522,8.422,94
3,104,642.627,1588.722,1409.128,553.237,47.805,8.426,93
3,105,642.779,1593.662,1398.153,553.234,47.404,8.455,92
3,106,642.303,1587.874,1419.731,552.499,47.263,8.419,91
3,107,643.498,1586.753,1408.653,552.918,47.324,8.463,90
3,108,643.837,1594.222,1403.813,553.431,47.357,8.402,89
3,109,643.2,1593.344,1415.331,552.86,47.529,8.504,88
3,110,642.927,1587.181,1399.465,553.139,47.845,8.427,87
3,111,643.049,1590.133,1413.806,553.506,47.407,8.411,86
3,112,642.532,1592.415,1406.179,552.71,47.13,8.547,85
3,113,643.154,1591.989,1415.364,553.333,47.53,8.472,84
3,114,642.6,1599.501,1413.02,552.8,47.713,8.439,83
3,115,643.48,1586.37,1412.819,553.552,47.698,8.484,82
3,116,642.818,1588.841,1406.48,552.781,47.977,8.477,81
3,117,642.47,1587.054,1416.672,553.331,47.752,8.472,80
3,118,643.092,1586.598,1408.641,553.465,47.836,8.444,79
3,119,642.46,1589.66,1420.685,552.009,47.692,8.429,78
3,120,642.57,1587.821,1407.936,552.687,47.63,8.464,77
3,121,642.208,1592.452,1415.107,553.363,47.248,8.499,76
3,122,643.181,1585.261,1410.777,552.87,48.099,8.565,75
3,123,642.139,1599.416,1405.362,553.405,47.887,8.449,74
3,124,643.121,1589.064,1414.312,553.017,47.949,8.493,73
3,125,642.834,1593.933,1414.602,553.254,47.489,8.449,72
3,126,642.665,1587.12,1415.97,553.363,47.622,8.549,71
3,127,643.548,1590.632,1406.456,553.649,47.651,8.498,70
3,128,642.79,1586.154,1402.71,553.164,47.476,8.617,69
3,129,642.465,1584.739,1414.718,553.599,47.693,8.518,68
3,130,642.135,1587.115,1405.352,551.873,47.712,8.407,67
3,131,642.381,1587.732,1406.942,553.005,47.764,8.533,66
3,132,643.326,1594.5,1412.055,552.945,47.822,8.504,65
3,133,642.82,1588.663,1407.299,552.99,47.676,8.473,64
3,134,642.712,1585.207,1418.215,552.805,47.489,8.533,63
3,135,642.769,1584.48,1418.608,552.483,47.608,8.504,62
3,136,643.547,1590.243,1405.424,553.01,47.595,8.579,61
3,137,643.043,1581.279,1414.903,553.696,48.116,8.578,60
3,138,642.596,1593.925,1408.567,552.822,47.409,8.48,59
3,139,642.763,1593.928,1417.843,552.835,47.396,8.494,58
3,140,642.743,1593.871,1420.249,553.21,47.55,8.398,57
3,141,642.295,1596.136,1410.914,552.292,48.156,8.56,56
3,142,643.113,1589.334,1412.671,552.767,48.151,8.527,55
3,143,643.44,1595.243,1406.588,553.017,47.683,8.411,54
3,144,642.167,1586.552,1416.936,552.682,47.809,8.591,53
3,145,642.566,1590.573,1415.719,552.243,47.775,8.45,52
3,146,643.783,1588.016,1426.225,552.58,48.031,8.513,51
3,147,643.146,1588.465,1414.895,552.741,47.584,8.511,50
3,148,642.898,1600.059,1413.787,553.34,47.737,8.528,49
3,149,642.589,1589.132,1415.734,553.346,47.847,8.574,48
3,150,643.484,1597.489,1414.263,553.733,47.677,8.489,47
3,151,642.663,1600.364,1419.68,552.357,48.116,8.548,46
3,152,644.105,1584.908,1413.318,552.278,47.317,8.564,45
3,153,643.11,1594.119,1429.216,552.318,47.711,8.528,44
3,154,643.688,1588.954,1411.42,553.008,47.917,8.443,43
3,155,642.705,1597.286,1417.766,552.084,47.786,8.526,42
3,156,643.599,1585.909,1410.457,552.586,47.809,8.55,41
3,157,642.727,1592.832,1422.202,552.678,47.875,8.524,40
3,158,642.917,1591.176,1423.36,552.36,47.624,8.51,39
3,159,643.396,1590.032,1418.864,552.666,48.075,8.587,38
3,160,643.766,1587.851,1410.682,552.352,47.746,8.486,37
3,161,643.131,1589.751,1412.223,552.217,48.16,8.541,36
3,162,644.455,1592.393,1414.665,552.361,47.935,8.552,35
3,163,644.289,1588.392,1421.712,552.448,47.485,8.566,34
3,164,643.938,1588.407,1416.657,551.466,47.569,8.579,33
3,165,643.17,1587.464,1418.24,552.052,47.772,8.568,32
3,166,642.87,1588.34,1417.942,552.783,48.206,8.513,31
3,167,643.827,1588.888,1428.128,551.716,48.235,8.514,30
3,168,644.324,1594.453,1411.229,552.006,48.104,8.584,29
3,169,643.398,1592.33,1422.031,552.318,47.592,8.511,28
3,170,643.549,1597.077,1427.332,552.626,47.993,8.574,27
3,171,643.156,1591.665,1412.847,551.596,48.011,8.553,26
3,172,643.778,1594.527,1419.404,552.484,47.924,8.563,25
3,173,643.155,1593.885,1422.115,551.855,47.954,8.523,24
3,174,643.257,1587.971,1425.857,552.707,48.081,8.628,23
3,175,643.422,1604.662,1417.054,552.286,47.854,8.566,22
3,176,643.896,1592.144,1429.238,552.262,48.028,8.516,21
3,177,643.721,1592.129,1415.087,551.738,48.634,8.543,20
3,178,642.89,1589.937,1418.586,552.384,48.112,8.582,19
3,179,643.269,1594.157,1413.798,551.785,47.75,8.508,18
3,180,644.051,1595.615,1425.075,552.098,48.18,8.487,17
3,181,643.974,1593.635,1423.138,552.253,47.746,8.499,16
3,182,643.278,1595.252,1423.676,551.362,47.754,8.531,15
3,183,643.451,1587.61,1411.165,551.619,48.027,8.514,14
3,184,643.573,1597.358,1412.048,551.911,48.269,8.546,13
3,185,643.38,1597.844,1418.184,552.55,48.126,8.55,12
3,186,643.867,1594.539,1426.309,551.707,48.036,8.563,11
3,187,643.982,1589.223,1426.448,552.199,47.703,8.615,10
3,188,644.683,1597.398,1429.072,551.992,47.624,8.494,9
3,189,643.806,1591.089,1415.186,551.901,48.2,8.511,8
3,190,643.503,1599.564,1414.386,552.351,47.931,8.592,7
3,191,644.212,1596.557,1426.458,551.324,48.338,8.538,6
3,192,643.849,1594.693,1424.079,552.052,47.855,8.519,5
3,193,644.138,1594.471,1428.23,551.844,47.721,8.613,4
3,194,643.592,1595.163,1417.615,552.672,47.86,8.562,3
3,195,643.821,1589.495,1423.649,552.639,47.964,8.593,2
3,196,642.549,1593.776,1419.954,551.407,48.364,8.566,1
3,197,643.72,1592.491,1410.499,551.234,48.34,8.496,0
4,1,641.656,1583.404,1410.469,554.384,47.061,8.452,204
4,2,641.669,1589.045,1391.868,554.535,47.099,8.359,203
4,3,641.905,1586.125,1397.07,554.273,47.056,8.425,202
4,4,642.204,1584.781,1397.412,554.07,47.34,8.483,201
4,5,642.43,1588.938,1418.615,554.25,47.325,8.429,200
4,6,641.555,1583.269,1397.073,554.313,47.161,8.406,199
4,7,642.501,1588.509,1399.168,553.651,47.489,8.432,198
4,8,641.291,1583.817,1401.163,554.372,47.434,8.413,197
4,9,642.28,1585.339,1396.159,553.849,47.213,8.4,196
4,10,641.171,1583.507,1400.574,553.836,47.148,8.421,195
4,11,641.537,1578.6,1398.184,554.355,47.633,8.434,194
4,12,641.365,1584.198,1401.851,554.058,47.348,8.366,193
4,13,642.058,1586.825,1405.305,553.562,47.128,8.295,192
4,14,641.752,1583.063,1394.275,554.044,47.202,8.313,191
4,15,642.133,1581.465,1403.35,553.316,47.225,8.392,190
4,16,642.176,1585.695,1398.949,553.184,46.85,8.381,189
4,17,642.039,1582.782,1404.277,553.808,46.98,8.393,188
4,18,642.148,1586.534,1411.843,553.608,47.205,8.422,187
4,19,642.04,1583.251,1391.325,553.683,46.957,8.336,186
4,20,641.697,1581.086,1404.173,554.234,47.001,8.395,185
4,21,641.223,1583.318,1403.115,554.34,47.051,8.448,184
4,22,641.381,1580.326,1405.031,554.758,47.355,8.405,183
4,23,641.08,1577.248,1401.603,553.738,46.957,8.409,182
4,24,642.124,1589.138,1401.701,554.526,47.238,8.403,181
4,25,642.556,1581.47,1417.824,554.094,47.334,8.429,180
4,26,642.926,1588.577,1391.363,554.602,47.155,8.412,179
4,27,641.51,1587.535,1397.143,553.945,47.172,8.486,178
4,28,642.983,1585.64,1401.494,553.702,47.522,8.396,177
4,29,641.906,1589.393,1397.941,553.864,46.853,8.438,176
4,30,642.974,1588.389,1410.002,553.454,47.309,8.372,175
4,31,642.003,1588.618,1401.905,553.164,46.924,8.355,174
4,32,642.332,1593.811,1409.532,552.916,47.611,8.449,173
4,33,641.421,1584.368,1407.994,554.133,46.931,8.436,172
4,34,641.16,1584.717,1408.314,553.861,47.136,8.448,171
4,35,642.566,1590.875,1406.798,554.385,47.447,8.423,170
4,36,642.173,1584.713,1394.345,553.36,47.196,8.423,169
4,37,642.786,1585.523,1407.708,554.371,47.211,8.438,168
4,38,642.034,1591.007,1405.571,553.229,47.312,8.48,167
4,39,642.068,1587.538,1405.101,553.299,47.402,8.359,166
4,40,641.874,1590.079,1404.037,553.658,47.389,8.413,165
4,41,642.167,1588.432,1397.604,553.823,47.202,8.353,164
4,42,641.753,1592.107,1404.349,553.134,46.898,8.412,163
4,43,642.875,1585.118,1409.955,553.965,47.404,8.364,162
4,44,642.601,1584.555,1407.366,553.374,47.334,8.432,161
4,45,642.116,1587.544,1400.664,553.449,47.694,8.46,160
4,46,641.849,1588.23,1397.882,553.174,47.554,8.351,159
4,47,642.615,1584.977,1401.146,553.963,47.444,8.387,158
4,48,642.527,1586.473,1394.956,553.666,47.647,8.487,157
4,49,642.533,1581.29,1405.515,554.168,47.487,8.452,156
4,50,642.38,1585.794,1399.0,552.786,47.393,8.429,155
4,51,642.474,1580.767,1406.6,554.754,47.331,8.42,154
4,52,642.369,1594.279,1396.669,553.821,47.115,8.401,153
4,53,642.214,1591.572,1413.698,553.935,47.224,8.523,152
4,54,642.051,1583.932,1392.325,554.401,47.564,8.521,151
4,55,641.625,1592.083,1403.478,554.097,46.913,8.484,150
4,56,642.611,1586.129,1407.012,553.303,47.184,8.407,149
4,57,641.43,1589.767,1410.375,553.327,47.419,8.416,148
4,58,642.419,1583.844,1398.01,554.195,47.319,8.508,147
4,59,642.299,1582.685,1410.758,553.976,47.521,8.475,146
4,60,641.991,1585.916,1402.455,553.006,47.277,8.482,145
4,61,642.399,1581.077,1394.236,554.475,47.324,8.403,144
4,62,642.176,1580.588,1412.198,553.438,47.692,8.432,143
4,63,642.95,1587.56,1408.867,553.985,47.509,8.445,142
4,64,642.209,1594.232,1398.396,553.618,47.361,8.447,141
4,65,642.128,1587.866,1402.915,552.816,47.363,8.388,140
4,66,641.548,1587.192,1406.946,553.861,47.506,8.356,139
4,67,641.724,1594.576,1397.827,553.894,47.196,8.437,138
4,68,642.059,1588.966,1405.024,553.356,47.109,8.445,137
4,69,641.806,1588.467,1420.055,554.245,47.555,8.432,136
4,70,641.487,1581.507,1412.086,553.166,47.205,8.429,135
4,71,641.889,1581.927,1404.181,553.106,47.198,8.405,134
4,72,642.61,1585.945,1403.508,553.841,47.352,8.426,133
4,73,642.594,1589.585,1403.793,553.573,47.196,8.404,132
4,74,642.736,1588.732,1407.503,553.663,47.407,8.467,131
4,75,642.819,1590.637,1404.264,554.207,47.456,8.465,130
4,76,642.533,1588.02,1400.552,553.854,48.114,8.426,129
4,77,642.446,1585.287,1402.136,554.266,47.239,8.422,128
4,78,641.708,1584.082,1394.913,553.8,48.111,8.428,127
4,79,641.681,1590.753,1400.901,554.123,47.345,8.418,126
4,80,642.359,1590.225,1403.999,553.215,47.37,8.393,125
4,81,642.626,1580.088,1402.799,553.833,47.499,8.468,124
4,82,642.426,1591.956,1411.114,553.667,47.66,8.476,123
4,83,642.266,1581.943,1408.19,553.706,47.704,8.409,122
4,84,642.064,1589.2,1405.343,552.48,47.53,8.373,121
4,85,642.055,1592.81,1416.823,552.805,47.358,8.45,120
4,86,643.291,1585.474,1403.116,554.177,47.351,8.478,119
4,87,641.833,1586.803,1396.125,552.864,47.659,8.448,118
4,88,642.363,1584.536,1404.864,553.532,47.699,8.346,117
4,89,642.141,1588.211,1405.7,553.572,47.524,8.439,116
4,90,642.287,1586.636,1413.292,552.994,47.446,8.46,115
4,91,643.235,1586.461,1412.259,553.965,47.45,8.445,114
4,92,642.393,1586.682,1411.74,553.454,47.529,8.409,113
4,93,642.115,1596.324,1405.655,552.94,47.833,8.466,112
4,94,642.819,1587.242,1404.919,553.232,47.134,8.452,111
4,95,642.701,1595.241,1407.456,552.139,47.46,8.566,110
4,96,642.967,1584.641,1410.597,552.924,47.15,8.444,109
4,97,642.627,1580.441,1400.266,553.289,47.391,8.474,108
4,98,642.048,1590.831,1400.169,554.094,47.069,8.416,107
4,99,642.792,1594.677,1409.273,553.543,47.506,8.419,106
4,100,642.393,1583.219,1399.823,553.451,47.226,8.474,105
4,101,642.037,1589.298,1404.676,553.943,47.592,8.512,104
4,102,642.292,1588.383,1401.835,553.021,47.45,8.434,103
4,103,642.094,1582.551,1393.797,552.688,47.677,8.4,102
4,104,642.035,1595.416,1404.131,553.366,47.686,8.492,101
4,105,641.975,1587.375,1398.355,554.417,47.131,8.424,100
4,106,642.201,1582.36,1416.296,554.393,47.416,8.414,99
4,107,641.672,1587.417,1406.398,552.845,47.595,8.484,98
4,108,642.834,1587.177,1401.803,553.492,47.547,8.504,97
4,109,643.053,1582.802,1399.924,552.769,47.285,8.5,96
4,110,642.866,1592.934,1411.026,553.24,47.854,8.49,95
4,111,642.748,1594.508,1409.457,552.971,47.349,8.5,94
4,112,643.284,1588.432,1416.732,552.127,47.55,8.471,93
4,113,642.409,1598.219,1408.606,552.896,47.575,8.394,92
4,114,642.405,1592.665,1405.35,552.673,47.901,8.528,91
4,115,642.989,1586.961,1407.807,552.674,47.329,8.434,90
4,116,642.488,1584.692,1399.982,553.173,47.642,8.545,89
4,117,642.475,1590.065,1411.362,552.925,47.774,8.509,88
4,118,642.933,1587.908,1407.462,552.355,47.392,8.454,87
4,119,642.29,1590.74,1416.91,552.573,47.669,8.438,86
4,120,642.669,1586.269,1413.464,552.675,47.856,8.471,85
4,121,642.524,1584.068,1411.496,553.45,47.676,8.571,84
4,122,643.47,1587.902,1408.192,553.225,47.404,8.529,83
4,123,642.999,1590.209,1414.346,553.839,47.661,8.479,82
4,124,643.526,1593.104,1408.424,552.968,47.672,8.499,81
4,125,642.247,1583.115,1405.151,552.47,47.468,8.511,80
4,126,642.791,1590.122,1403.255,552.709,47.78,8.511,79
4,127,642.552,1590.035,1423.921,552.918,47.466,8.481,78
4,128,642.93,1588.836,1410.666,552.193,47.403,8.483,77
4,129,642.824,1587.228,1409.92,552.932,47.872,8.486,76
4,130,643.089,1587.379,1414.542,553.077,47.871,8.519,75
4,131,643.184,1589.204,1412.708,553.408,47.497,8.467,74
4,132,643.012,1591.311,1406.423,552.826,47.642,8.404,73
4,133,642.842,1589.074,1410.535,553.558,47.366,8.461,72
4,134,641.776,1587.833,1409.253,552.582,47.953,8.53,71
4,135,642.997,1588.327,1417.914,552.814,47.476,8.428,70
4,136,642.774,1592.882,1425.547,552.842,47.495,8.45,69
4,137,643.232,1582.858,1415.321,553.207,47.801,8.49,68
4,138,643.248,1590.655,1407.482,553.71,47.609,8.53,67
4,139,641.917,1595.131,1421.096,552.787,47.842,8.523,66
4,140,642.727,1592.268,1407.564,552.454,47.99,8.541,65
4,141,642.709,1587.2,1408.676,553.111,47.463,8.517,64
4,142,643.374,1589.836,1418.743,552.58,47.665,8.465,63
4,143,643.506,1587.177,1414.916,552.683,47.461,8.481,62
4,144,643.682,1591.105,1406.897,552.857,47.693,8.644,61
4,145,643.199,1588.831,1421.607,551.771,47.759,8.587,60
4,146,643.03,1583.476,1410.847,553.405,47.835,8.475,59
4,147,642.785,1588.226,1415.526,553.333,48.01,8.528,58
4,148,642.505,1585.209,1416.695,551.978,47.696,8.523,57
4,149,642.603,1586.48,1413.068,552.889,48.023,8.536,56
4,150,643.16,1587.648,1407.344,552.368,47.866,8.526,55
4,151,642.193,1587.547,1421.135,552.649,47.415,8.608,54
4,152,643.136,1592.283,1416.443,552.412,47.593,8.6,53
4,153,643.612,1594.091,1417.643,552.08,48.1,8.482,52
4,154,643.299,1584.302,1402.079,552.727,47.584,8.438,51
4,155,643.427,1599.397,1422.801,552.425,47.794,8.554,50
4,156,643.7,1589.6,1414.809,552.69,47.936,8.514,49
4,157,643.152,1596.551,1422.002,552.764,48.233,8.505,48
4,158,643.948,1593.26,1434.512,551.915,47.637,8.539,47
4,159,643.408,1598.948,1411.017,552.95,48.105,8.551,46
4,160,642.809,1596.837,1422.545,552.783,47.872,8.533,45
4,161,643.217,1593.827,1415.499,552.045,47.564,8.495,44
4,162,643.364,1591.215,1416.747,552.705,47.675,8.585,43
4,163,643.156,1589.647,1418.492,551.522,47.64,8.567,42
4,164,642.506,1595.91,1424.809,552.241,47.917,8.574,41
4,165,643.09,1594.97,1411.859,552.173,47.65,8.544,40
4,166,643.833,1590.822,1408.403,551.856,47.954,8.605,39
4,167,643.501,1590.07,1420.773,552.263,47.767,8.494,38
4,168,643.969,1581.52,1421.108,552.136,47.765,8.601,37
4,169,643.026,1589.016,1415.685,552.56,47.763,8.472,36
4,170,642.97,1596.922,1417.062,552.564,47.814,8.51,35
4,171,644.126,1591.104,1414.1,552.872,47.705,8.513,34
4,172,643.388,1591.918,1418.465,553.355,47.976,8.443,33
4,173,643.542,1592.129,1417.316,552.417,47.891,8.537,32
4,174,643.683,1589.869,1411.517,553.792,47.725,8.545,31
4,175,642.747,1592.564,1411.753,552.044,48.171,8.561,30
4,176,643.688,1585.075,1428.522,551.654,48.298,8.584,29
4,177,643.704,1588.801,1418.56,552.0,47.929,8.534,28
4,178,642.539,1596.769,1417.313,551.978,47.788,8.56,27
4,179,643.066,1583.323,1420.393,552.465,47.884,8.501,26
4,180,643.521,1586.547,1411.938,551.815,48.151,8.534,25
4,181,643.292,1600.285,1420.367,552.344,47.854,8.525,24
4,182,642.522,1596.404,1421.093,552.07,47.919,8.58,23
4,183,642.819,1590.231,1411.738,553.03,48.178,8.464,22
4,184,642.849,1592.124,1415.873,551.467,48.452,8.566,21
4,185,643.757,1589.948,1423.194,551.924,47.901,8.579,20
4,186,642.823,1599.166,1420.108,552.739,47.709,8.519,19
4,187,643.045,1593.842,1419.563,551.851,47.731,8.506,18
4,188,643.559,1591.042,1415.207,552.841,47.97,8.609,17
4,189,643.353,1593.946,1419.142,551.204,48.354,8.554,16
4,190,643.942,1590.022,1418.641,551.604,48.312,8.573,15
4,191,643.784,1598.527,1426.723,552.404,47.654,8.534,14
4,192,643.18,1596.068,1420.965,551.311,47.969,8.503,13
4,193,643.62,1586.6,1423.27,552.179,48.499,8.598,12
4,194,643.467,1596.558,1411.867,551.493,48.112,8.479,11
4,195,643.653,1589.269,1421.018,551.42,48.141,8.568,10
4,196,644.313,1593.441,1415.955,551.82,47.705,8.585,9
4,197,643.961,1603.355,1416.994,551.794,47.904,8.578,8
4,198,643.88,1593.329,1427.401,551.603,48.301,8.592,7
4,199,643.716,1592.348,1435.601,551.487,48.135,8.542,6
4,200,644.538,1597.22,1417.13,552.136,48.132,8.553,5
4,201,644.089,1595.295,1422.653,551.843,48.182,8.584,4
4,202,643.787,1591.239,1431.681,551.323,48.187,8.563,3
4,203,644.566,1590.255,1417.267,551.347,48.168,8.522,2
4,204,643.572,1585.325,1423.282,551.566,47.721,8.622,1
4,205,643.212,1597.188,1417.794,552.601,48.287,8.54,0
5,1,642.273,1583.954,1398.992,554.635,47.013,8.404,197
5,2,642.431,1588.246,1399.065,553.853,46.766,8.358,196
5,3,642.147,1584.465,1400.491,554.516,46.905,8.391,195
5,4,642.09,1582.209,1408.652,554.448,47.275,8.472,194
5,5,641.333,1585.005,1402.286,553.534,47.279,8.356,193
5,6,642.32,1589.279,1401.75,553.062,46.963,8.424,192
5,7,642.022,1574.284,1407.603,554.054,47.001,8.441,191
5,8,641.71,1582.319,1402.329,554.873,47.613,8.416,190
5,9,642.226,1588.253,1392.671,554.301,47.025,8.414,189
5,10,641.918,1587.107,1400.958,552.439,47.255,8.428,188
5,11,642.224,1584.708,1410.141,554.127,47.321,8.444,187
5,12,642.19,1581.542,1385.698,553.729,47.404,8.389,186
5,13,642.391,1585.746,1408.099,553.815,47.332,8.423,185
5,14,642.71,1578.343,1397.663,554.383,47.603,8.413,184
5,15,641.906,1588.216,1405.671,553.774,47.301,8.451,183
5,16,642.892,1588.177,1400.77,553.922,47.36,8.4,182
5,17,642.131,1580.995,1408.336,553.375,47.115,8.408,181
5,18,642.945,1583.556,1396.607,553.664,47.639,8.292,180
5,19,641.602,1596.193,1404.199,553.382,47.216,8.408,179
5,20,642.439,1592.647,1403.038,553.659,47.426,8.378,178
5,21,641.597,1578.271,1391.369,553.476,46.937,8.419,177
5,22,641.527,1572.759,1394.551,553.683,47.082,8.467,176
5,23,641.795,1588.88,1400.757,553.892,47.027,8.405,175
5,24,641.732,1586.06,1399.511,553.435,47.486,8.425,174
5,25,641.879,1585.986,1400.484,553.468,47.258,8.383,173
5,26,641.66,1578.937,1398.895,554.179,47.069,8.509,172
5,27,642.489,1590.671,1405.879,554.816,47.049,8.307,171
5,28,641.895,1587.711,1402.079,554.021,47.578,8.425,170
5,29,642.46,1581.746,1394.661,554.684,47.276,8.385,169
5,30,641.827,1582.934,1397.044,553.229,46.878,8.403,168
5,31,641.845,1589.986,1403.121,553.996,47.07,8.406,167
5,32,642.279,1588.45,1400.866,554.397,47.26,8.443,166
5,33,641.902,1578.362,1403.107,554.213,47.405,8.429,165
5,34,641.971,1582.413,1404.876,554.057,47.124,8.457,164
5,35,641.736,1583.335,1411.454,554.271,47.177,8.425,163
5,36,642.209,1574.715,1396.267,553.804,47.181,8.424,162
5,37,642.654,1584.441,1395.431,553.985,47.191,8.408,161
5,38,642.02,1594.724,1388.405,553.621,47.275,8.384,160
5,39,642.562,1589.04,1401.637,553.672,47.251,8.412,159
5,40,642.128,1585.065,1403.512,554.177,46.974,8.374,158
5,41,641.383,1589.314,1403.575,554.045,46.927,8.488,157
5,42,641.902,1586.552,1407.276,553.292,47.151,8.425,156
5,43,643.468,1587.115,1411.865,554.38,47.383,8.379,155
5,44,642.665,1579.95,1411.91,553.87,46.632,8.405,154
5,45,642.489,1585.027,1406.674,553.337,46.971,8.417,153
5,46,642.216,1584.614,1409.827,553.329,47.379,8.423,152
5,47,641.508,1580.765,1402.616,554.736,47.449,8.352,151
5,48,640.815,1589.006,1402.049,554.308,47.087,8.435,150
5,49,642.602,1584.318,1400.152,553.742,47.446,8.422,149
5,50,642.667,1584.294,1394.821,554.709,47.163,8.4,148
5,51,642.206,1586.445,1400.556,553.704,47.308,8.431,147
5,52,641.181,1593.735,1402.077,553.994,46.977,8.405,146
5,53,641.947,1592.125,1399.532,554.074,47.162,8.407,145
5,54,642.146,1591.417,1391.794,553.029,46.841,8.382,144
5,55,641.898,1579.86,1398.816,552.671,47.077,8.474,143
5,56,642.452,1587.104,1397.292,552.901,47.051,8.425,142
5,57,642.669,1590.0,1407.182,553.291,47.345,8.415,141
5,58,642.195,1594.575,1392.916,553.534,47.646,8.37,140
5,59,642.003,1584.348,1402.239,552.844,47.495,8.456,139
5,60,642.529,1583.02,1404.189,553.183,47.267,8.516,138
5,61,642.351,1581.789,1404.844,552.948,47.054,8.389,137
5,62,642.115,1590.325,1407.325,553.876,47.083,8.41,136
5,63,642.445,1584.102,1402.278,553.826,47.274,8.441,135
5,64,643.048,1585.966,1411.119,553.875,46.999,8.389,134
5,65,641.963,1583.273,1403.596,553.894,47.683,8.446,133
5,66,642.146,1578.403,1404.657,553.589,47.419,8.519,132
5,67,642.913,1589.912,1398.558,553.31,47.353,8.404,131
5,68,642.587,1588.239,1397.898,554.156,47.407,8.367,130
5,69,642.347,1587.976,1410.363,553.379,47.592,8.445,129
5,70,641.787,1581.231,1411.36,554.136,47.47,8.498,128
5,71,642.862,1589.667,1399.256,554.393,47.527,8.423,127
5,72,642.094,1588.001,1394.798,553.867,47.159,8.454,126
5,73,642.168,1585.957,1400.384,553.427,47.874,8.496,125
5,74,642.571,1586.955,1410.092,554.062,47.198,8.438,124
5,75,641.6,1591.591,1417.519,553.527,46.879,8.466,123
5,76,642.021,1584.487,1408.991,553.604,47.292,8.417,122
5,77,642.493,1585.545,1398.68,553.3,47.503,8.437,121
5,78,641.809,1591.182,1389.007,553.233,47.267,8.45,120
5,79,642.706,1591.775,1401.27,553.739,47.476,8.377,119
5,80,643.318,1581.556,1408.167,553.63,47.5,8.426,118
5,81,642.843,1581.113,1405.361,553.142,47.266,8.464,117
5,82,642.965,1586.026,1410.547,553.439,47.217,8.438,116
5,83,642.354,1584.656,1408.542,553.52,47.047,8.383,115
5,84,642.688,1584.226,1407.891,553.783,47.131,8.393,114
5,85,643.26,1588.938,1403.673,552.914,47.326,8.403,113
5,86,642.913,1584.469,1412.859,553.17,47.197,8.434,112
5,87,641.343,1587.138,1405.387,553.772,46.991,8.499,111
5,88,642.903,1592.675,1406.202,553.855,47.099,8.482,110
5,89,642.195,1581.107,1399.885,553.34,47.265,8.469,109
5,90,641.738,1579.25,1414.976,553.778,47.213,8.455,108
5,91,643.02,1589.481,1407.744,553.862,47.298,8.457,107
5,92,642.562,1586.759,1404.629,553.34,47.494,8.415,106
5,93,642.94,1583.992,1405.772,553.144,47.579,8.373,105
5,94,642.99,1585.236,1414.516,553.041,47.482,8.535,104
5,95,642.473,1592.946,1407.546,553.477,47.517,8.494,103
5,96,642.299,1584.102,1403.596,553.307,47.449,8.489,102
5,97,643.204,1584.183,1403.14,552.528,48.016,8.474,101
5,98,642.843,1582.773,1407.654,553.489,47.45,8.506,100
5,99,643.677,1584.394,1401.646,552.783,47.92,8.505,99
5,100,642.585,1588.377,1402.997,553.655,47.428,8.454,98
5,101,642.93,1587.527,1406.605,553.204,47.727,8.531,97
5,102,642.929,1591.541,1406.935,552.833,47.696,8.473,96
5,103,642.035,1587.064,1407.757,552.919,47.908,8.487,95
5,104,643.303,1589.48,1408.863,552.694,47.546,8.469,94
5,105,642.08,1586.317,1406.556,553.357,47.663,8.446,93
5,106,642.916,1587.797,1391.4,552.896,47.822,8.403,92
5,107,642.766,1594.916,1404.176,553.127,47.232,8.537,91
5,108,642.688,1588.812,1416.988,553.444,47.344,8.447,90
5,109,642.958,1586.18,1396.283,553.075,47.198,8.538,89
5,110,642.825,1585.106,1404.918,552.144,47.298,8.515,88
5,111,643.76,1591.683,1408.682,552.861,47.339,8.558,87
5,112,642.681,1597.291,1417.721,552.194,47.416,8.45,86
5,113,642.74,1588.639,1427.463,552.513,47.645,8.502,85
5,114,642.786,1589.373,1403.342,553.092,47.721,8.492,84
5,115,643.053,1594.634,1415.36,553.062,47.305,8.456,83
5,116,642.708,1590.045,1406.995,552.546,47.307,8.415,82
5,117,642.712,1583.209,1403.99,552.804,47.275,8.497,81
5,118,643.161,1586.943,1407.499,553.257,47.436,8.452,80
5,119,643.377,1592.73,1413.86,553.438,47.125,8.538,79
5,120,643.026,1593.289,1412.703,552.986,47.556,8.5,78
5,121,642.72,1592.771,1400.991,552.678,48.141,8.461,77
5,122,642.763,1585.823,1412.656,552.568,47.589,8.521,76
5,123,642.567,1592.561,1415.705,553.45,47.676,8.618,75
5,124,643.367,1590.76,1405.648,552.861,48.003,8.558,74
5,125,643.568,1592.655,1403.501,553.14,47.341,8.431,73
5,126,643.021,1591.662,1416.588,553.132,47.79,8.452,72
5,127,642.877,1583.595,1399.281,553.24,47.474,8.527,71
5,128,643.434,1587.201,1414.977,552.526,47.206,8.498,70
5,129,642.735,1587.973,1423.421,552.08,47.769,8.455,69
5,130,643.366,1590.982,1413.98,552.357,47.487,8.533,68
5,131,643.766,1591.765,1406.455,552.986,48.291,8.501,67
5,132,643.638,1586.938,1411.723,553.112,47.789,8.467,66
5,133,642.627,1593.908,1419.261,553.545,48.146,8.504,65
5,134,642.862,1595.415,1416.527,552.284,47.443,8.52,64
5,135,642.934,1589.961,1418.821,553.141,48.039,8.424,63
5,136,643.139,1592.902,1403.364,552.42,47.502,8.503,62
5,137,643.769,1598.27,1407.776,552.997,47.858,8.519,61
5,138,643.227,1591.452,1422.926,553.271,47.459,8.537,60
5,139,643.46,1591.554,1419.729,552.8,47.779,8.511,59
5,140,642.162,1590.029,1409.071,552.099,48.094,8.527,58
5,141,643.068,1588.149,1414.998,553.174,47.534,8.508,57
5,142,643.484,1582.722,1413.016,552.449,47.713,8.489,56
5,143,643.167,1598.218,1411.559,552.796,48.251,8.488,55
5,144,643.933,1590.603,1424.336,553.011,47.835,8.509,54
5,145,642.847,1590.943,1419.171,552.615,47.685,8.503,53
5,146,643.586,1595.599,1409.927,552.273,47.865,8.575,52
5,147,643.667,1585.75,1412.489,552.127,47.709,8.579,51
5,148,642.523,1584.341,1409.246,552.722,47.937,8.534,50
5,149,643.704,1583.823,1421.492,552.408,47.97,8.465,49
5,150,643.189,1591.88,1421.441,551.757,47.801,8.475,48
5,151,643.426,1594.103,1422.375,552.267,48.031,8.574,47
5,152,642.471,1593.503,1420.549,552.391,47.503,8.559,46
5,153,642.683,1590.4,1414.703,552.863,47.655,8.495,45
5,154,643.279,1595.199,1428.815,551.737,47.896,8.48,44
5,155,643.705,1587.479,1411.19,552.182,47.804,8.538,43
5,156,643.476,1591.271,1407.406,552.825,47.816,8.572,42
5,157,642.952,1584.946,1415.33,553.095,47.876,8.519,41
5,158,642.891,1598.447,1409.505,552.069,47.984,8.454,40
5,159,643.869,1593.973,1421.227,552.696,47.807,8.487,39
5,160,643.245,1587.637,1418.898,552.805,48.223,8.546,38
5,161,643.736,1590.411,1413.261,552.624,47.763,8.543,37
5,162,642.855,1588.134,1420.094,552.815,47.62,8.56,36
5,163,643.105,1591.788,1424.934,552.76,48.071,8.611,35
5,164,643.04,1587.841,1412.251,552.214,47.29,8.527,34
5,165,643.124,1594.982,1418.85,552.026,48.032,8.566,33
5,166,643.036,1589.937,1403.536,551.766,47.705,8.541,32
5,167,642.969,1589.918,1409.689,552.381,48.004,8.556,31
5,168,643.412,1585.87,1413.475,552.077,47.803,8.544,30
5,169,644.061,1595.345,1411.423,552.604,48.07,8.51,29
5,170,643.814,1591.519,1409.043,552.477,47.97,8.534,28
5,171,643.428,1589.347,1421.318,552.213,47.964,8.559,27
5,172,642.938,1588.71,1404.553,552.501,47.626,8.551,26
5,173,643.637,1594.76,1410.744,552.171,48.353,8.616,25
5,174,643.927,1593.764,1412.093,552.547,47.902,8.571,24
5,175,643.211,1591.787,1419.265,552.295,48.071,8.526,23
5,176,642.904,1599.042,1433.373,552.38,47.623,8.52,22
5,177,643.75,1597.971,1411.317,552.078,48.01,8.587,21
5,178,643.38,1586.416,1422.48,552.687,47.946,8.57,20
5,179,643.334,1589.353,1425.069,552.303,48.096,8.615,19
5,180,643.086,1590.593,1420.017,551.811,48.176,8.549,18
5,181,643.127,1593.129,1420.25,552.545,48.085,8.576,17
5,182,643.73,1592.179,1415.091,552.206,47.91,8.626,16
5,183,644.203,1595.528,1421.819,552.001,47.684,8.551,15
5,184,643.658,1593.98,1422.526,552.49,47.833,8.534,14
5,185,644.279,1596.212,1417.525,551.959,47.987,8.564,13
5,186,643.852,1603.334,1421.169,552.328,47.598,8.544,12
5,187,644.205,1594.87,1393.858,552.318,48.506,8.485,11
5,188,644.349,1582.239,1425.983,551.96,47.445,8.584,10
5,189,644.197,1594.849,1424.026,551.742,47.574,8.596,9
5,190,644.479,1597.978,1408.753,551.175,47.835,8.505,8
5,191,643.725,1595.101,1412.262,552.304,48.203,8.549,7
5,192,643.641,1585.795,1419.014,551.903,48.102,8.587,6
5,193,643.842,1592.604,1422.889,552.384,48.042,8.586,5
5,194,643.662,1591.142,1424.474,551.589,48.169,8.576,4
5,195,643.622,1592.484,1418.453,551.027,48.175,8.585,3
5,196,644.155,1591.738,1433.04,551.643,47.868,8.538,2
5,197,643.006,1600.062,1430.06,552.117,47.869,8.651,1
5,198,643.642,1592.924,1430.624,552.129,48.65,8.59,0
6,1,641.822,1582.557,1388.927,553.86,47.487,8.424,176
6,2,642.011,1581.031,1401.388,554.504,47.309,8.407,175
6,3,641.645,1588.489,1381.257,554.187,47.845,8.34,174
6,4,641.897,1584.999,1397.299,554.511,47.321,8.407,173
6,5,642.367,1585.11,1419.184,554.065,47.253,8.332,172
6,6,641.767,1589.646,1392.125,552.907,47.214,8.456,171
6,7,642.033,1583.726,1389.022,554.209,47.372,8.33,170
6,8,642.528,1588.149,1407.005,554.271,47.372,8.423,169
6,9,642.411,1577.828,1391.246,553.607,47.178,8.418,168
6,10,642.17,1589.589,1407.186,553.534,47.272,8.369,167
6,11,641.943,1586.427,1379.889,555.172,47.356,8.379,166
6,12,642.899,1583.769,1401.183,553.718,47.629,8.399,165
6,13,642.103,1589.994,1403.949,553.929,47.496,8.505,164
6,14,642.183,1585.667,1401.513,554.606,47.07,8.393,163
6,15,641.353,1580.487,1397.436,553.918,47.664,8.426,162
6,16,641.638,1582.333,1408.846,554.504,47.231,8.387,161
6,17,642.56,1581.295,1403.007,555.071,47.278,8.374,160
6,18,642.243,1583.412,1392.349,554.279,47.509,8.393,159
6,19,641.894,1581.47,1399.874,553.641,46.979,8.482,158
6,20,642.278,1587.631,1406.136,554.302,47.131,8.418,157
6,21,641.952,1587.122,1402.949,553.719,46.904,8.413,156
6,22,641.987,1577.833,1404.01,554.386,47.872,8.392,155
6,23,641.842,1580.984,1402.282,553.998,47.039,8.401,154
6,24,641.199,1589.155,1396.474,553.873,46.888,8.386,153
6,25,641.97,1585.433,1404.046,554.603,47.431,8.448,152
6,26,642.752,1587.786,1401.018,554.381,47.519,8.436,151
6,27,641.453,1582.17,1399.662,554.259,47.248,8.456,150
6,28,642.705,1590.363,1408.617,553.343,47.377,8.387,149
6,29,641.377,1584.447,1409.407,554.084,47.764,8.419,148
6,30,643.227,1586.338,1401.67,553.207,47.54,8.392,147
6,31,641.841,1590.785,1408.562,554.405,47.175,8.411,146
6,32,642.111,1588.822,1411.013,554.015,47.763,8.45,145
6,33,642.039,1589.039,1412.007,554.822,47.569,8.416,144
6,34,642.054,1588.062,1411.896,554.032,47.389,8.417,143
6,35,642.011,1585.143,1402.747,554.666,47.219,8.418,142
6,36,641.776,1588.692,1410.218,554.61,47.333,8.439,141
6,37,642.103,1587.972,1403.986,553.819,47.32,8.435,140
6,38,642.047,1584.925,1412.433,555.136,46.988,8.368,139
6,39,641.755,1585.518,1407.65,554.068,47.336,8.44,138
6,40,641.882,1584.99,1402.243,552.972,47.006,8.374,137
6,41,642.545,1586.985,1406.119,552.835,46.929,8.447,136
6,42,640.958,1590.939,1391.603,554.167,47.082,8.463,135
6,43,643.659,1576.985,1406.807,552.832,47.414,8.413,134
6,44,642.281,1582.469,1407.41,553.003,47.622,8.406,133
6,45,641.6,1592.533,1402.416,554.672,47.621,8.391,132
6,46,642.2,1586.677,1412.073,553.927,47.363,8.416,131
6,47,642.224,1591.45,1403.033,553.501,47.182,8.402,130
6,48,641.623,1583.269,1412.097,553.586,47.503,8.326,129
6,49,642.518,1585.666,1400.316,553.77,47.207,8.341,128
6,50,642.685,1587.323,1401.419,553.187,46.968,8.436,127
6,51,643.004,1587.205,1395.106,553.772,47.326,8.462,126
6,52,642.56,1574.49,1406.775,553.148,46.988,8.421,125
6,53,642.48,1579.912,1407.832,554.021,47.359,8.395,124
6,54,641.863,1590.62,1394.64,554.162,47.31,8.426,123
6,55,641.543,1585.972,1407.492,552.951,47.481,8.435,122
6,56,642.031,1590.02,1390.702,553.782,47.765,8.49,121
6,57,642.504,1585.438,1400.206,553.446,47.5,8.401,120
6,58,642.678,1595.221,1403.755,552.915,47.033,8.465,119
6,59,642.32,1590.239,1401.032,553.992,47.334,8.405,118
6,60,642.175,1581.988,1416.278,553.518,47.539,8.414,117
6,61,641.891,1585.885,1411.058,553.295,47.164,8.443,116
6,62,642.598,1593.437,1406.683,553.866,47.566,8.391,115
6,63,641.949,1582.576,1396.679,553.931,47.464,8.441,114
6,64,641.225,1595.179,1399.418,554.548,47.033,8.407,113
6,65,641.409,1588.451,1398.288,552.974,47.057,8.471,112
6,66,642.73,1594.297,1400.895,553.608,47.083,8.428,111
6,67,642.186,1588.954,1411.226,553.983,47.199,8.482,110
6,68,642.409,1585.845,1400.988,553.196,47.85,8.455,109
6,69,642.517,1586.142,1420.031,554.117,47.239,8.433,108
6,70,642.351,1587.822,1401.264,553.672,47.787,8.392,107
6,71,641.95,1585.354,1402.968,554.44,47.679,8.484,106
6,72,642.348,1586.19,1396.997,553.82,47.556,8.498,105
6,73,642.382,1586.817,1406.847,553.863,47.071,8.477,104
6,74,642.477,1583.198,1393.44,553.337,47.805,8.516,103
6,75,642.656,1595.33,1405.81,553.87,47.335,8.429,102
6,76,642.202,1579.29,1413.912,553.06,47.253,8.403,101
6,77,642.425,1594.636,1418.875,552.538,47.37,8.41,100
6,78,642.971,1588.779,1402.616,553.393,47.344,8.517,99
6,79,642.783,1590.363,1390.558,553.311,47.989,8.507,98
6,80,641.716,1586.481,1399.476,554.187,47.535,8.424,97
6,81,642.573,1577.357,1400.301,553.337,47.69,8.378,96
6,82,642.396,1591.877,1398.228,553.421,47.5,8.525,95
6,83,642.474,1587.204,1412.194,552.63,47.434,8.44,94
6,84,642.526,1591.336,1410.517,552.906,47.528,8.518,93
6,85,642.225,1588.576,1406.162,553.236,47.092,8.516,92
6,86,642.261,1592.152,1403.723,552.942,47.808,8.501,91
6,87,642.714,1591.146,1405.85,553.238,47.345,8.498,90
6,88,642.319,1594.096,1405.817,553.239,47.705,8.464,89
6,89,642.508,1588.089,1413.207,552.884,47.489,8.465,88
6,90,643.042,1587.864,1418.827,553.124,47.467,8.458,87
6,91,642.071,1584.171,1404.926,553.757,47.523,8.447,86
6,92,643.226,1594.577,1415.776,552.749,47.413,8.54,85
6,93,642.794,1587.357,1412.689,553.666,47.4,8.477,84
6,94,643.114,1583.842,1408.588,552.591,47.302,8.447,83
6,95,642.922,1587.251,1404.76,553.161,47.267,8.488,82
6,96,643.228,1588.278,1407.572,553.308,47.052,8.493,81
6,97,644.126,1588.161,1408.21,553.479,47.976,8.512,80
6,98,641.772,1590.961,1424.495,553.405,47.282,8.485,79
6,99,642.177,1593.696,1403.467,553.117,47.362,8.453,78
6,100,643.433,1589.236,1405.987,552.493,47.114,8.426,77
6,101,642.826,1592.8,1406.121,553.837,47.409,8.468,76
6,102,642.302,1592.9,1422.209,552.157,47.507,8.529,75
6,103,642.148,1591.262,1417.095,553.063,47.737,8.55,74
6,104,643.687,1588.806,1406.714,552.549,47.85,8.426,73
6,105,642.709,1589.523,1407.034,553.135,48.252,8.477,72
6,106,642.638,1593.232,1411.633,553.7,47.658,8.473,71
6,107,642.043,1582.751,1399.326,553.156,47.282,8.535,70
6,108,642.872,1588.313,1405.423,553.263,47.428,8.446,69
6,109,643.405,1590.768,1409.222,553.258,47.637,8.502,68
6,110,642.514,1597.691,1407.301,553.7,47.594,8.52,67
6,111,643.224,1594.057,1405.882,553.445,48.109,8.479,66
6,112,642.922,1587.436,1408.995,553.748,47.402,8.453,65
6,113,643.643,1592.089,1423.944,552.653,47.691,8.465,64
6,114,642.995,1582.556,1415.481,553.025,47.651,8.477,63
6,115,642.54,1592.624,1404.495,553.104,48.19,8.554,62
6,116,642.278,1587.628,1414.201,552.798,47.328,8.511,61
6,117,642.963,1597.494,1410.304,553.402,47.367,8.456,60
6,118,643.305,1594.234,1406.231,552.815,47.345,8.491,59
6,119,643.369,1588.222,1410.634,552.222,47.534,8.57,58
6,120,643.038,1586.015,1410.392,551.973,47.449,8.555,57
6,121,642.953,1597.65,1411.863,552.739,47.869,8.395,56
6,122,643.122,1589.954,1421.506,553.223,47.432,8.553,55
6,123,642.925,1586.596,1413.927,552.624,48.106,8.518,54
6,124,643.148,1593.88,1419.457,553.102,48.083,8.53,53
6,125,643.144,1595.298,1412.511,552.711,48.165,8.572,52
6,126,643.077,1588.591,1421.993,553.079,47.819,8.495,51
6,127,643.243,1590.383,1409.385,552.727,47.813,8.494,50
6,128,643.514,1595.69,1419.349,552.509,47.942,8.514,49
6,129,642.564,1593.291,1414.565,553.928,48.124,8.54,48
6,130,643.245,1591.32,1407.826,551.746,47.548,8.511,47
6,131,642.199,1588.553,1412.522,552.492,47.608,8.501,46
6,132,643.935,1593.445,1410.807,552.549,47.773,8.485,45
6,133,642.826,1594.904,1411.811,552.02,47.775,8.522,44
6,134,642.298,1590.765,1419.7,552.776,48.35,8.569,43
6,135,643.851,1602.195,1419.203,552.616,48.043,8.498,42
6,136,643.261,1588.471,1417.205,552.192,47.634,8.538,41
6,137,643.164,1583.419,1406.248,551.928,47.592,8.539,40
6,138,643.338,1595.457,1419.662,553.021,47.972,8.532,39
6,139,643.747,1594.941,1417.567,553.105,47.24,8.514,38
6,140,643.129,1595.942,1424.904,551.727,48.186,8.48,37
6,141,642.766,1590.462,1413.733,551.657,48.002,8.555,36
6,142,643.768,1589.733,1415.571,552.404,48.269,8.416,35
6,143,642.876,1591.558,1409.463,552.273,47.822,8.504,34
6,144,643.35,1594.117,1414.726,552.159,47.819,8.532,33
6,145,642.551,1593.519,1413.606,553.0,48.015,8.58,32
6,146,642.894,1590.257,1409.027,551.999,48.187,8.594,31
6,147,642.846,1589.979,1416.194,552.628,47.441,8.472,30
6,148,643.597,1584.085,1414.14,552.399,47.992,8.532,29
6,149,643.226,1595.33,1418.703,551.977,47.905,8.554,28
6,150,644.177,1595.167,1424.451,551.978,47.771,8.531,27
6,151,643.354,1588.06,1424.931,552.708,47.833,8.568,26
6,152,643.533,1595.042,1409.442,552.176,47.902,8.568,25
6,153,643.164,1582.233,1411.191,552.201,47.939,8.612,24
6,154,643.723,1592.63,1417.66,552.767,47.783,8.54,23
6,155,642.985,1598.051,1420.384,551.843,47.909,8.568,22
6,156,643.377,1590.309,1414.278,552.349,47.855,8.531,21
6,157,642.902,1592.829,1417.291,552.001,48.002,8.58,20
6,158,643.834,1594.801,1417.11,551.861,47.698,8.528,19
6,159,643.541,1589.517,1419.307,551.644,47.551,8.586,18
6,160,643.334,1589.387,1412.345,552.321,48.317,8.539,17
6,161,643.465,1597.094,1408.223,553.075,48.592,8.448,16
6,162,643.532,1590.005,1417.675,551.864,48.191,8.553,15
6,163,643.181,1592.265,1422.531,551.464,47.584,8.639,14
6,164,643.316,1592.477,1417.235,552.312,48.446,8.584,13
6,165,642.937,1587.564,1417.407,551.886,47.58,8.595,12
6,166,643.146,1599.147,1430.905,551.878,48.127,8.514,11
6,167,643.93,1591.255,1413.639,551.839,47.908,8.552,10
6,168,644.092,1590.181,1430.754,551.303,48.436,8.526,9
6,169,643.679,1591.436,1418.463,552.348,48.415,8.616,8
6,170,643.512,1594.208,1416.015,551.433,47.761,8.552,7
6,171,643.822,1585.899,1420.613,552.669,48.335,8.548,6
6,172,643.096,1595.461,1407.17,552.448,48.009,8.646,5
6,173,642.962,1597.369,1420.655,551.709,47.727,8.598,4
6,174,644.059,1600.913,1427.491,551.559,47.826,8.521,3
6,175,644.433,1590.735,1430.51,552.1,48.167,8.565,2
6,176,644.082,1593.862,1419.599,552.167,48.056,8.547,1
6,177,644.07,1593.744,1424.933,551.573,47.798,8.649,0
7,1,642.398,1583.453,1398.208,554.69,47.112,8.375,172
7,2,642.845,1584.82,1410.638,553.298,47.331,8.483,171
7,3,642.017,1583.965,1393.044,554.536,47.01,8.397,170
7,4,641.451,1591.259,1407.007,553.976,46.915,8.462,169
7,5,641.844,1580.623,1389.535,553.666,46.841,8.376,168
7,6,642.347,1583.557,1402.276,553.624,47.222,8.478,167
7,7,641.858,1586.611,1390.786,554.742,47.088,8.443,166
7,8,641.962,1587.536,1404.245,553.752,47.482,8.371,165
7,9,642.371,1583.546,1402.358,553.743,47.223,8.359,164
7,10,642.136,1585.302,1397.065,553.942,47.246,8.378,163
7,11,641.971,1581.122,1414.427,554.494,47.283,8.45,162
7,12,641.142,1574.934,1398.006,553.271,47.157,8.412,161
7,13,642.451,1580.632,1402.851,553.962,47.305,8.383,160
7,14,642.664,1584.793,1411.152,553.554,47.406,8.402,159
7,15,641.898,1587.759,1398.767,552.613,46.457,8.455,158
7,16,642.604,1592.802,1400.514,553.292,47.12,8.406,157
7,17,641.602,1591.872,1414.115,554.171,47.225,8.354,156
7,18,642.756,1585.607,1399.003,554.167,47.084,8.412,155
7,19,641.416,1589.676,1400.174,554.499,47.182,8.401,154
7,20,641.525,1588.393,1395.61,553.67,47.236,8.412,153
7,21,641.308,1584.457,1405.702,553.718,47.182,8.414,152
7,22,642.025,1581.286,1400.78,554.397,46.978,8.393,151
7,23,641.466,1589.202,1400.512,553.468,47.267,8.361,150
7,24,641.628,1579.625,1394.736,554.565,47.063,8.428,149
7,25,641.723,1588.533,1395.052,553.899,47.263,8.503,148
7,26,642.389,1583.153,1405.392,554.941,46.845,8.377,147
7,27,642.004,1583.887,1399.36,553.212,47.606,8.354,146
7,28,642.027,1589.769,1401.251,553.367,46.921,8.403,145
7,29,641.783,1586.439,1393.101,554.256,47.291,8.42,144
7,30,642.778,1583.899,1397.234,553.567,47.217,8.409,143
7,31,641.763,1577.59,1398.303,554.013,47.302,8.462,142
7,32,643.023,1588.753,1410.045,554.208,47.699,8.488,141
7,33,642.578,1588.575,1400.601,553.796,47.191,8.44,140
7,34,641.833,1585.02,1387.786,554.67,47.223,8.434,139
7,35,642.82,1587.02,1410.668,553.179,47.881,8.46,138
7,36,642.265,1591.555,1395.077,553.647,47.646,8.342,137
7,37,642.43,1588.019,1413.991,552.991,47.691,8.395,136
7,38,641.984,1581.038,1395.738,553.975,47.015,8.448,135
7,39,641.894,1581.111,1399.188,553.933,47.227,8.421,134
7,40,642.513,1590.33,1400.585,553.233,47.319,8.439,133
7,41,641.55,1582.476,1398.223,553.642,47.114,8.449,132
7,42,641.493,1579.758,1400.628,553.649,46.944,8.397,131
7,43,642.043,1584.542,1403.637,553.397,47.681,8.442,130
7,44,641.868,1586.532,1403.566,554.325,47.165,8.454,129
7,45,642.258,1592.16,1410.664,553.807,47.254,8.444,128
7,46,642.166,1592.955,1403.487,553.496,47.208,8.376,127
7,47,642.505,1582.994,1409.704,553.042,47.359,8.471,126
7,48,641.295,1594.388,1400.664,553.749,47.474,8.455,125
7,49,642.395,1590.346,1406.431,554.549,47.466,8.506,124
7,50,642.685,1579.175,1419.085,553.371,47.714,8.429,123
7,51,642.766,1583.687,1407.276,553.521,47.739,8.446,122
7,52,642.718,1577.827,1403.112,553.843,47.404,8.468,121
7,53,642.141,1586.721,1410.818,552.488,47.5,8.417,120
7,54,641.903,1587.916,1411.201,554.136,47.323,8.466,119
7,55,642.713,1586.264,1399.785,553.288,47.571,8.431,118
7,56,641.861,1579.918,1409.043,553.321,47.448,8.483,117
7,57,641.751,1586.522,1403.137,553.774,47.68,8.381,116
7,58,642.606,1590.873,1403.152,553.504,47.479,8.449,115
7,59,642.621,1589.038,1398.49,554.057,47.671,8.443,114
7,60,641.695,1586.379,1405.66,552.978,47.294,8.38,113
7,61,642.65,1587.548,1394.732,553.715,47.374,8.458,112
7,62,642.21,1583.725,1400.095,553.259,47.398,8.445,111
7,63,642.31,1585.285,1402.726,554.77,47.205,8.417,110
7,64,643.887,1588.709,1396.67,553.926,47.175,8.477,109
7,65,642.32,1585.314,1414.722,553.777,47.651,8.459,108
7,66,642.224,1589.566,1412.439,553.549,47.862,8.476,107
7,67,642.529,1588.175,1406.126,552.844,47.394,8.452,106
7,68,642.256,1588.569,1405.549,553.845,47.588,8.451,105
7,69,641.838,1594.43,1404.69,553.405,47.341,8.426,104
7,70,643.158,1592.861,1408.329,553.38,47.586,8.449,103
7,71,642.388,1588.719,1403.137,553.548,47.488,8.471,102
7,72,642.205,1590.257,1400.469,553.123,47.309,8.405,101
7,73,642.95,1583.591,1401.837,554.025,47.304,8.442,100
7,74,642.048,1590.85,1411.235,553.754,47.586,8.453,99
7,75,642.278,1584.309,1414.019,553.754,47.284,8.453,98
7,76,642.389,1583.108,1407.472,553.152,47.224,8.393,97
7,77,641.831,1586.187,1406.022,552.909,47.63,8.451,96
7,78,642.805,1586.993,1401.938,553.391,47.157,8.476,95
7,79,642.134,1591.45,1404.758,553.852,47.197,8.428,94
7,80,642.737,1592.512,1416.918,553.329,47.942,8.445,93
7,81,643.071,1584.115,1409.569,552.124,47.208,8.476,92
7,82,641.997,1589.645,1412.618,553.031,47.251,8.44,91
7,83,642.164,1587.586,1407.923,553.116,47.918,8.431,90
7,84,643.235,1583.88,1407.88,553.847,47.787,8.444,89
7,85,642.87,1589.784,1404.337,553.55,47.976,8.481,88
7,86,642.886,1590.843,1398.945,553.459,47.261,8.439,87
7,87,643.615,1587.197,1403.405,553.792,47.284,8.446,86
7,88,643.215,1588.436,1398.612,553.474,47.427,8.527,85
7,89,642.391,1592.526,1418.772,552.763,47.484,8.482,84
7,90,642.29,1589.458,1406.905,553.052,47.55,8.47,83
7,91,642.76,1586.038,1405.062,553.101,47.532,8.451,82
7,92,642.844,1581.231,1404.149,553.007,47.335,8.535,81
7,93,642.718,1589.254,1405.772,553.125,47.251,8.464,80
7,94,642.299,1587.495,1393.452,552.555,47.926,8.505,79
7,95,643.326,1594.213,1412.99,552.878,47.307,8.519,78
7,96,642.773,1598.696,1406.904,554.077,47.533,8.528,77
7,97,643.519,1584.687,1406.327,552.56,47.27,8.502,76
7,98,642.679,1589.047,1412.717,552.133,47.905,8.463,75
7,99,643.019,1591.379,1417.748,552.995,47.059,8.48,74
7,100,642.881,1584.818,1410.553,552.853,47.26,8.506,73
7,101,642.549,1587.389,1407.038,553.636,47.591,8.483,72
7,102,642.617,1590.926,1418.056,553.328,47.779,8.506,71
7,103,642.206,1585.63,1408.877,552.626,47.347,8.408,70
7,104,642.233,1588.169,1409.838,552.578,47.639,8.467,69
7,105,643.342,1588.609,1414.58,553.061,47.275,8.481,68
7,106,642.307,1588.884,1406.081,553.136,47.296,8.487,67
7,107,643.133,1593.008,1406.116,552.939,47.684,8.549,66
7,108,642.221,1585.795,1427.678,552.778,47.171,8.465,65
7,109,641.654,1590.465,1415.861,552.444,47.532,8.527,64
7,110,642.125,1584.277,1409.786,552.508,47.583,8.441,63
7,111,643.022,1589.029,1414.602,552.97,47.714,8.435,62
7,112,643.159,1588.365,1410.46,553.378,47.489,8.548,61
7,113,643.6,1592.762,1405.73,551.745,47.945,8.499,60
7,114,642.628,1594.509,1406.599,552.611,47.813,8.452,59
7,115,642.926,1594.234,1413.19,553.431,47.971,8.498,58
7,116,641.937,1585.518,1416.659,552.017,47.612,8.512,57
7,117,643.662,1587.705,1408.375,552.75,47.788,8.494,56
7,118,643.486,1586.873,1413.114,552.983,47.607,8.535,55
7,119,643.094,1593.29,1413.715,552.933,47.555,8.477,54
7,120,643.591,1592.741,1406.572,552.819,47.126,8.481,53
7,121,643.485,1589.764,1413.576,551.205,47.628,8.519,52
7,122,643.275,1594.179,1411.767,552.614,47.4,8.498,51
7,123,642.511,1583.004,1406.678,553.435,47.672,8.517,50
7,124,642.861,1583.299,1418.967,551.579,47.607,8.507,49
7,125,643.209,1587.622,1402.484,552.248,47.566,8.48,48
7,126,643.555,1585.74,1415.48,552.712,48.0,8.507,47
7,127,643.488,1589.972,1416.444,551.865,47.107,8.528,46
7,128,643.34,1592.63,1410.852,553.345,47.658,8.531,45
7,129,643.427,1597.67,1412.264,552.257,47.405,8.578,44
7,130,643.362,1592.675,1433.031,552.729,47.461,8.509,43
7,131,642.747,1589.347,1412.081,552.257,47.445,8.582,42
7,132,643.334,1590.096,1419.209,552.769,47.869,8.547,41
7,133,643.274,1593.748,1419.348,552.598,47.752,8.583,40
7,134,643.012,1592.7,1417.481,552.195,47.612,8.509,39
7,135,643.019,1585.372,1411.256,552.617,48.137,8.546,38
7,136,642.085,1593.838,1411.985,552.693,47.824,8.518,37
7,137,643.222,1591.253,1423.57,552.44,48.106,8.564,36
7,138,643.583,1584.266,1422.374,552.204,48.02,8.489,35
7,139,642.763,1599.387,1410.102,552.989,47.878,8.513,34
7,140,643.29,1586.347,1415.933,551.857,47.756,8.568,33
7,141,643.439,1585.694,1421.297,552.378,47.727,8.562,32
7,142,643.263,1587.03,1427.447,552.355,47.849,8.518,31
7,143,643.884,1589.664,1407.263,552.007,48.208,8.569,30
7,144,643.252,1597.328,1421.195,552.196,47.842,8.55,29
7,145,643.007,1591.924,1418.732,551.468,47.843,8.526,28
7,146,643.858,1584.6,1414.767,552.054,48.138,8.538,27
7,147,644.218,1594.698,1414.77,552.397,47.816,8.575,26
7,148,642.825,1588.827,1420.142,552.872,47.362,8.597,25
7,149,643.376,1584.658,1399.574,551.477,47.914,8.541,24
7,150,643.738,1590.068,1411.114,552.017,47.935,8.555,23
7,151,643.113,1595.945,1414.211,551.771,47.798,8.59,22
7,152,643.423,1589.634,1423.675,553.26,47.994,8.598,21
7,153,643.963,1590.063,1418.457,551.529,47.897,8.525,20
7,154,643.33,1589.559,1416.755,552.418,47.926,8.477,19
7,155,643.191,1586.555,1420.122,552.386,48.027,8.521,18
7,156,643.652,1590.826,1412.009,552.487,48.175,8.592,17
7,157,643.282,1597.498,1416.058,552.425,47.85,8.547,16
7,158,642.482,1591.648,1419.748,551.875,48.425,8.511,15
7,159,643.332,1589.31,1416.002,552.577,48.363,8.531,14
7,160,643.276,1588.376,1427.405,552.604,47.974,8.504,13
7,161,643.028,1593.763,1423.047,550.992,47.928,8.626,12
7,162,643.533,1599.114,1423.83,551.464,47.942,8.558,11
7,163,643.218,1589.352,1429.161,551.499,48.293,8.547,10
7,164,643.65,1595.554,1416.714,552.253,47.519,8.584,9
7,165,642.566,1592.476,1425.617,552.262,47.714,8.521,8
7,166,643.382,1594.204,1408.487,551.926,48.124,8.558,7
7,167,643.944,1594.431,1417.616,550.945,48.087,8.533,6
7,168,643.462,1595.529,1429.557,551.876,48.2,8.514,5
7,169,643.848,1593.45,1428.617,551.606,48.009,8.616,4
7,170,643.712,1589.332,1436.74,551.318,48.061,8.589,3
7,171,643.889,1593.085,1420.511,551.721,47.805,8.663,2
7,172,643.685,1596.31,1419.802,551.642,47.978,8.516,1
7,173,643.728,1592.372,1429.029,551.202,47.956,8.544,0
8,1,642.65,1581.526,1403.382,554.484,47.164,8.345,197
8,2,641.388,1588.448,1392.459,554.194,47.23,8.415,196
8,3,642.216,1581.282,1394.188,554.353,47.044,8.29,195
8,4,642.297,1580.881,1402.866,554.69,47.207,8.44,194
8,5,642.076,1591.386,1393.716,553.987,47.372,8.393,193
8,6,642.528,1583.319,1412.532,555.049,47.275,8.423,192
8,7,642.548,1580.311,1392.274,554.614,47.274,8.392,191
8,8,642.02,1575.529,1399.035,553.606,47.437,8.441,190
8,9,642.277,1586.669,1391.229,554.274,47.366,8.452,189
8,10,642.974,1578.332,1397.919,553.604,47.253,8.403,188
8,11,641.918,1589.228,1393.68,553.451,46.956,8.388,187
8,12,641.474,1584.94,1399.335,553.574,47.432,8.4,186
8,13,642.508,1584.371,1400.225,553.682,47.213,8.432,185
8,14,641.849,1587.243,1395.537,554.338,47.072,8.437,184
8,15,642.065,1591.271,1393.534,553.216,47.065,8.348,183
8,16,641.419,1587.693,1400.48,553.71,47.124,8.38,182
8,17,642.788,1582.284,1392.621,554.343,47.169,8.486,181
8,18,641.813,1588.631,1407.096,553.679,47.039,8.435,180
8,19,642.312,1579.625,1393.883,552.666,47.376,8.395,179
8,20,641.985,1578.523,1394.118,553.69,47.061,8.41,178
8,21,642.325,1594.389,1400.64,554.482,47.024,8.339,177
8,22,641.908,1578.942,1400.903,553.528,46.745,8.476,176
8,23,641.829,1578.806,1406.26,553.549,47.508,8.378,175
8,24,641.833,1586.759,1404.488,554.291,47.216,8.429,174
8,25,642.416,1586.206,1400.131,553.179,47.39,8.41,173
8,26,641.9,1590.539,1392.48,554.717,47.237,8.421,172
8,27,641.913,1578.785,1400.27,554.057,47.414,8.401,171
8,28,641.109,1579.312,1413.482,553.337,47.605,8.372,170
8,29,642.019,1588.005,1396.312,554.673,47.269,8.429,169
8,30,641.986,1588.166,1410.77,553.805,47.686,8.386,168
8,31,642.455,1587.514,1394.951,553.971,47.258,8.377,167
8,32,642.278,1586.17,1400.994,553.823,47.236,8.397,166
8,33,642.185,1583.037,1417.438,553.146,47.115,8.392,165
8,34,643.046,1580.36,1404.121,553.968,47.347,8.462,164
8,35,642.681,1583.865,1402.799,552.904,47.292,8.382,163
8,36,642.056,1578.956,1404.135,552.981,47.307,8.365,162
8,37,641.763,1590.346,1405.305,554.397,47.663,8.384,161
8,38,642.826,1579.895,1406.326,553.568,47.043,8.44,160
8,39,642.583,1589.448,1403.212,553.874,47.41,8.428,159
8,40,642.407,1586.633,1407.054,552.987,47.249,8.361,158
8,41,642.294,1592.416,1399.228,553.856,47.474,8.334,157
8,42,641.941,1587.337,1384.767,553.297,47.563,8.458,156
8,43,642.351,1589.44,1403.517,554.055,47.212,8.423,155
8,44,641.904,1590.997,1411.434,554.459,47.192,8.381,154
8,45,642.77,1588.151,1404.355,553.445,47.404,8.376,153
8,46,642.487,1591.523,1412.25,554.108,46.955,8.428,152
8,47,643.171,1582.566,1402.189,554.452,47.458,8.52,151
8,48,641.885,1582.115,1409.971,553.139,47.258,8.419,150
8,49,642.688,1588.565,1405.451,553.528,47.615,8.583,149
8,50,642.539,1586.541,1395.005,553.402,47.261,8.401,148
8,51,642.228,1593.289,1410.359,553.633,47.016,8.477,147
8,52,642.22,1579.305,1407.236,554.217,46.715,8.391,146
8,53,642.2,1589.184,1399.952,553.279,47.506,8.406,145
8,54,642.5,1581.836,1395.019,554.064,47.391,8.463,144
8,55,642.024,1583.137,1411.385,552.916,47.645,8.479,143
8,56,642.658,1583.602,1398.41,553.564,47.012,8.389,142
8,57,642.568,1588.988,1397.101,553.998,47.453,8.488,141
8,58,642.541,1590.661,1406.35,554.141,47.021,8.424,140
8,59,642.275,1585.489,1406.242,553.959,47.444,8.422,139
8,60,641.969,1590.89,1405.768,553.124,47.302,8.36,138
8,61,642.324,1585.745,1400.315,554.416,47.065,8.459,137
8,62,643.299,1590.886,1403.666,553.047,47.017,8.415,136
8,63,642.014,1583.737,1401.991,553.554,47.483,8.383,135
8,64,642.024,1586.015,1402.87,554.514,47.423,8.369,134
8,65,642.527,1588.875,1403.387,552.979,47.809,8.391,133
8,66,642.644,1587.532,1407.839,554.43,47.514,8.412,132
8,67,642.852,1584.247,1405.312,552.92,47.119,8.437,131
8,68,642.528,1580.002,1407.412,553.148,47.701,8.422,130
8,69,641.865,1587.155,1399.028,554.182,47.385,8.431,129
8,70,642.645,1582.872,1396.89,553.742,47.114,8.394,128
8,71,642.763,1589.033,1397.201,553.218,47.167,8.51,127
8,72,642.802,1585.29,1408.281,552.839,47.229,8.444,126
8,73,642.606,1586.625,1406.413,553.547,47.361,8.428,125
8,74,642.219,1587.984,1407.491,553.597,47.111,8.401,124
8,75,642.599,1592.985,1406.043,553.281,47.466,8.396,123
8,76,643.017,1587.887,1401.215,553.393,47.282,8.495,122
8,77,642.346,1587.804,1408.778,553.096,47.467,8.455,121
8,78,641.746,1588.236,1405.165,553.521,47.431,8.455,120
8,79,643.055,1582.55,1403.492,553.779,47.547,8.464,119
8,80,643.701,1589.768,1412.436,553.281,47.183,8.434,118
8,81,642.791,1588.982,1408.176,553.317,47.342,8.44,117
8,82,642.806,1590.762,1399.826,553.795,47.277,8.467,116
8,83,642.402,1593.706,1403.462,553.492,47.596,8.414,115
8,84,642.465,1586.421,1402.996,553.172,47.727,8.426,114
8,85,642.761,1588.79,1397.806,553.641,47.1,8.476,113
8,86,642.287,1587.61,1398.532,553.431,47.689,8.419,112
8,87,642.251,1589.44,1409.285,552.142,47.966,8.474,111
8,88,642.847,1587.093,1395.386,553.686,47.325,8.475,110
8,89,642.444,1588.664,1401.98,553.769,47.174,8.544,109
8,90,643.559,1594.289,1414.395,553.284,47.767,8.451,108
8,91,641.862,1593.817,1413.628,553.299,47.174,8.433,107
8,92,641.751,1591.631,1397.348,553.447,47.274,8.4,106
8,93,642.687,1586.562,1412.111,552.658,47.3,8.362,105
8,94,641.606,1595.137,1419.698,553.327,47.288,8.447,104
8,95,642.991,1585.934,1408.737,553.262,47.357,8.439,103
8,96,642.74,1584.131,1410.138,553.021,47.536,8.516,102
8,97,642.542,1591.765,1396.791,553.01,47.516,8.539,101
8,98,641.745,1587.749,1416.401,552.841,47.46,8.476,100
8,99,642.719,1594.445,1410.469,553.886,47.428,8.434,99
8,100,642.544,1583.594,1410.797,553.017,47.355,8.485,98
8,101,642.141,1591.361,1405.145,553.778,47.43,8.491,97
8,102,642.746,1591.303,1408.794,552.355,47.785,8.463,96
8,103,643.031,1591.138,1403.615,552.717,47.702,8.455,95
8,104,643.107,1587.713,1414.515,553.374,47.615,8.454,94
8,105,642.8,1593.247,1408.171,553.416,47.559,8.474,93
8,106,643.481,1593.332,1409.094,553.245,47.377,8.464,92
8,107,642.854,1591.978,1413.235,552.571,47.802,8.468,91
8,108,642.281,1593.971,1417.642,553.246,47.74,8.503,90
8,109,643.363,1591.588,1401.02,554.106,47.834,8.453,89
8,110,642.282,1590.746,1407.44,553.254,47.759,8.452,88
8,111,642.253,1590.321,1406.034,553.15,47.242,8.465,87
8,112,643.088,1591.253,1404.629,552.48,47.587,8.499,86
8,113,642.958,1586.832,1411.272,553.803,47.639,8.412,85
8,114,642.878,1597.108,1401.887,553.054,47.537,8.482,84
8,115,642.884,1593.544,1410.247,553.665,47.569,8.466,83
8,116,642.506,1581.767,1411.52,554.04,47.718,8.508,82
8,117,642.632,1588.111,1415.901,554.005,47.981,8.514,81
8,118,642.844,1589.98,1405.601,552.264,47.332,8.485,80
8,119,642.707,1583.316,1410.027,552.816,47.326,8.469,79
8,120,642.705,1586.78,1415.94,552.011,47.128,8.485,78
8,121,642.903,1590.916,1407.276,552.49,47.628,8.468,77
8,122,643.569,1588.056,1410.321,554.174,47.587,8.509,76
8,123,643.172,1592.332,1412.509,553.02,47.666,8.465,75
8,124,643.039,1597.575,1418.167,553.062,47.86,8.454,74
8,125,642.786,1593.306,1419.958,552.511,47.531,8.578,73
8,126,642.957,1596.862,1412.409,553.006,47.581,8.529,72
8,127,643.536,1585.483,1409.187,553.327,47.63,8.473,71
8,128,643.39,1594.092,1408.737,552.963,47.366,8.458,70
8,129,643.002,1589.859,1405.768,552.485,47.407,8.513,69
8,130,642.072,1585.742,1400.527,553.039,47.228,8.497,68
8,131,643.706,1596.537,1401.004,552.965,47.437,8.449,67
8,132,642.929,1594.812,1415.573,552.445,47.866,8.408,66
8,133,642.652,1586.659,1412.582,552.687,47.66,8.492,65
8,134,643.012,1592.171,1413.144,552.633,47.802,8.533,64
8,135,642.763,1589.829,1419.357,552.21,48.158,8.448,63
8,136,642.869,1586.323,1425.651,552.496,47.587,8.488,62
8,137,643.079,1588.866,1411.865,550.969,47.732,8.504,61
8,138,643.515,1595.473,1411.675,553.128,47.448,8.535,60
8,139,642.801,1585.555,1411.827,553.406,47.775,8.566,59
8,140,642.733,1594.542,1409.167,552.805,47.789,8.533,58
8,141,643.195,1587.452,1418.503,553.544,47.595,8.435,57
8,142,643.318,1589.141,1412.575,552.942,47.633,8.499,56
8,143,643.06,1596.403,1413.683,552.032,47.453,8.516,55
8,144,642.608,1584.333,1417.458,552.978,47.666,8.523,54
8,145,643.213,1593.05,1417.416,551.318,47.704,8.534,53
8,146,642.955,1590.843,1418.434,552.647,48.147,8.559,52
8,147,643.098,1589.965,1396.972,552.429,47.437,8.524,51
8,148,643.232,1593.6,1422.597,552.565,48.352,8.526,50
8,149,642.585,1588.627,1412.125,552.86,47.551,8.506,49
8,150,643.114,1589.142,1419.375,552.87,48.085,8.505,48
8,151,643.74,1585.538,1406.321,551.928,47.802,8.568,47
8,152,642.94,1589.147,1413.501,552.807,47.686,8.5,46
8,153,642.617,1588.827,1422.009,552.551,47.626,8.572,45
8,154,642.971,1596.853,1423.512,552.519,47.443,8.615,44
8,155,643.421,1589.938,1420.975,552.827,48.151,8.498,43
8,156,643.402,1586.551,1419.384,552.45,47.9,8.52,42
8,157,643.158,1587.882,1420.276,553.191,47.696,8.549,41
8,158,643.478,1591.448,1406.523,551.781,47.646,8.443,40
8,159,643.929,1592.947,1415.652,551.322,47.392,8.529,39
8,160,644.194,1588.743,1421.164,552.162,47.868,8.579,38
8,161,643.164,1588.839,1424.64,552.41,48.133,8.505,37
8,162,643.965,1592.755,1418.89,552.438,47.74,8.533,36
8,163,643.145,1595.561,1415.214,551.608,47.452,8.465,35
8,164,643.635,1587.178,1418.385,552.41,47.862,8.553,34
8,165,643.441,1581.008,1414.794,552.539,48.295,8.604,33
8,166,642.768,1590.51,1407.492,553.071,48.144,8.552,32
8,167,643.469,1597.494,1424.309,552.875,48.011,8.525,31
8,168,643.752,1595.298,1416.051,552.105,48.187,8.607,30
8,169,643.082,1591.043,1419.454,552.508,47.779,8.617,29
8,170,643.622,1594.286,1428.056,552.025,47.894,8.493,28
8,171,643.367,1586.268,1422.144,552.444,47.853,8.54,27
8,172,643.8,1587.744,1419.037,552.569,47.483,8.573,26
8,173,642.717,1591.88,1410.987,552.919,47.646,8.481,25
8,174,643.543,1590.759,1409.096,552.451,47.444,8.507,24
8,175,643.237,1595.687,1426.053,552.723,47.91,8.452,23
8,176,643.684,1598.425,1425.84,552.388,47.657,8.53,22
8,177,644.392,1586.94,1411.707,552.612,47.853,8.505,21
8,178,644.222,1594.516,1416.462,551.552,48.479,8.552,20
8,179,644.176,1596.311,1415.785,551.852,48.335,8.613,19
8,180,642.716,1595.0,1418.342,551.576,48.046,8.502,18
8,181,643.363,1589.672,1416.23,552.041,47.733,8.62,17
8,182,643.808,1600.11,1418.427,551.787,48.433,8.536,16
8,183,643.519,1595.877,1412.122,552.401,48.146,8.611,15
8,184,644.013,1598.262,1419.046,551.598,48.534,8.5,14
8,185,642.984,1595.389,1429.619,552.108,48.263,8.483,13
8,186,643.414,1585.699,1424.713,551.223,47.7,8.584,12
8,187,644.13,1592.625,1423.613,552.25,47.972,8.521,11
8,188,643.92,1595.779,1425.719,552.121,47.741,8.594,10
8,189,643.678,1591.462,1418.749,551.603,48.262,8.511,9
8,190,643.245,1592.145,1430.363,552.459,47.636,8.623,8
8,191,644.313,1588.831,1405.715,551.88,48.333,8.634,7
8,192,643.327,1600.602,1407.64,551.715,47.955,8.618,6
8,193,644.316,1597.478,1413.069,552.314,48.193,8.506,5
8,194,642.816,1597.881,1420.256,551.224,48.021,8.589,4
8,195,643.722,1587.588,1432.815,552.352,47.996,8.564,3
8,196,643.935,1589.345,1423.604,551.168,48.069,8.531,2
8,197,643.283,1600.515,1422.189,551.92,47.59,8.555,1
8,198,644.008,1594.777,1409.076,551.904,48.192,8.631,0
9,1,640.992,1581.017,1393.428,554.367,46.521,8.382,160
9,2,642.644,1585.041,1405.408,553.176,46.801,8.458,159
9,3,642.05,1585.436,1393.347,554.045,46.916,8.448,158
9,4,643.235,1586.971,1396.276,552.725,46.782,8.463,157
9,5,641.547,1583.566,1404.052,554.729,47.155,8.385,156
9,6,642.045,1582.554,1396.715,554.19,47.253,8.487,155
9,7,642.214,1589.686,1393.772,554.243,47.027,8.417,154
9,8,642.33,1585.299,1414.688,554.69,47.504,8.433,153
9,9,642.817,1579.371,1408.512,553.475,47.071,8.425,152
9,10,642.583,1580.525,1397.265,554.015,47.167,8.437,151
9,11,643.578,1586.838,1395.982,553.312,47.135,8.366,150
9,12,642.247,1586.991,1397.669,554.948,47.034,8.399,149
9,13,642.329,1588.775,1408.17,554.164,47.483,8.378,148
9,14,642.459,1588.85,1409.641,553.109,46.996,8.438,147
9,15,640.858,1587.224,1406.984,553.649,47.118,8.362,146
9,16,641.822,1583.312,1396.592,553.562,47.16,8.394,145
9,17,642.905,1583.732,1402.82,553.636,47.083,8.338,144
9,18,641.36,1580.508,1401.925,554.456,46.787,8.385,143
9,19,641.458,1584.308,1407.347,553.687,47.225,8.466,142
9,20,642.285,1582.354,1401.917,553.49,47.345,8.428,141
9,21,641.47,1586.125,1400.331,554.169,47.45,8.428,140
9,22,641.954,1589.188,1395.873,553.229,46.447,8.406,139
9,23,641.727,1587.077,1389.361,553.558,47.366,8.369,138
9,24,642.288,1583.29,1401.069,554.171,47.49,8.414,137
9,25,641.744,1583.719,1405.168,553.355,47.211,8.396,136
9,26,642.07,1581.547,1390.316,554.118,47.499,8.34,135
9,27,642.29,1589.951,1405.086,553.641,47.026,8.416,134
9,28,642.242,1586.036,1400.515,553.299,47.371,8.432,133
9,29,642.228,1586.132,1411.757,553.52,47.589,8.384,132
9,30,642.644,1590.657,1400.011,554.654,47.39,8.379,131
9,31,641.984,1590.291,1407.397,553.285,47.241,8.423,130
9,32,641.931,1595.229,1403.351,553.774,47.577,8.401,129
9,33,642.62,1579.164,1399.32,554.32,47.676,8.386,128
9,34,641.774,1588.143,1398.397,553.652,47.506,8.396,127
9,35,641.298,1580.708,1402.29,552.845,47.217,8.363,126
9,36,642.928,1594.612,1395.977,553.896,47.055,8.407,125
9,37,643.01,1584.125,1400.708,553.286,47.586,8.289,124
9,38,642.007,1585.848,1398.556,554.18,47.604,8.364,123
9,39,643.157,1580.38,1410.355,553.813,47.181,8.405,122
9,40,642.208,1586.948,1397.203,553.611,47.119,8.374,121
9,41,641.864,1581.557,1400.306,553.934,47.346,8.502,120
9,42,641.245,1588.077,1402.97,554.115,47.499,8.417,119
9,43,642.326,1583.266,1406.719,552.757,47.518,8.424,118
9,44,642.038,1585.356,1402.188,554.334,48.137,8.475,117
9,45,642.012,1588.849,1407.291,553.212,47.018,8.424,116
9,46,642.638,1579.927,1399.034,553.95,47.348,8.484,115
9,47,641.649,1595.828,1394.242,552.638,47.327,8.383,114
9,48,642.276,1586.17,1402.407,553.221,47.455,8.417,113
9,49,642.799,1585.79,1397.906,552.787,47.308,8.379,112
9,50,641.704,1588.667,1393.141,554.325,47.396,8.429,111
9,51,641.855,1589.662,1403.905,553.265,47.41,8.365,110
9,52,641.595,1582.171,1406.135,553.595,47.627,8.396,109
9,53,642.599,1586.244,1398.497,553.777,47.353,8.409,108
9,54,642.369,1586.23,1403.351,553.366,47.049,8.438,107
9,55,641.998,1582.716,1402.948,553.928,47.426,8.415,106
9,56,642.112,1589.389,1390.133,553.947,46.916,8.38,105
9,57,642.148,1595.576,1414.699,553.89,47.479,8.363,104
9,58,642.46,1584.749,1399.857,553.602,47.277,8.474,103
9,59,641.528,1587.297,1399.606,553.307,47.476,8.395,102
9,60,642.483,1586.198,1401.042,553.264,47.366,8.41,101
9,61,642.423,1585.986,1401.463,554.282,47.514,8.427,100
9,62,642.496,1583.043,1402.637,553.314,47.103,8.459,99
9,63,642.213,1585.781,1401.973,554.941,47.255,8.361,98
9,64,641.731,1590.293,1413.533,553.108,47.745,8.475,97
9,65,642.376,1586.267,1406.729,553.874,47.53,8.419,96
9,66,642.394,1595.287,1407.282,553.857,47.571,8.458,95
9,67,642.532,1591.006,1410.218,553.541,47.268,8.464,94
9,68,642.464,1586.237,1422.111,552.627,47.687,8.415,93
9,69,642.564,1597.799,1400.398,553.021,47.448,8.417,92
9,70,642.914,1585.442,1410.231,552.705,47.006,8.442,91
9,71,641.821,1593.709,1397.264,552.837,47.567,8.429,90
9,72,641.855,1595.851,1400.57,553.244,47.417,8.482,89
9,73,642.758,1584.441,1404.762,553.215,47.662,8.408,88
9,74,643.469,1584.768,1406.803,552.734,47.156,8.421,87
9,75,642.136,1586.204,1401.121,553.648,47.29,8.421,86
9,76,642.407,1591.89,1408.424,553.237,47.134,8.413,85
9,77,642.02,1593.204,1410.46,552.842,47.357,8.427,84
9,78,642.208,1589.876,1405.693,554.299,47.816,8.513,83
9,79,642.921,1586.403,1411.149,553.069,47.917,8.478,82
9,80,642.749,1588.661,1418.147,552.513,47.975,8.456,81
9,81,642.01,1585.203,1397.946,553.542,47.262,8.471,80
9,82,643.165,1585.583,1406.388,552.549,47.43,8.568,79
9,83,643.016,1587.272,1404.473,553.164,47.566,8.45,78
9,84,642.917,1584.578,1402.541,553.356,47.247,8.497,77
9,85,642.684,1581.141,1409.096,552.313,47.719,8.459,76
9,86,643.536,1592.799,1402.225,552.131,47.363,8.421,75
9,87,643.537,1588.534,1414.34,552.984,47.513,8.47,74
9,88,643.225,1589.883,1402.546,553.922,47.49,8.455,73
9,89,641.467,1591.237,1409.648,553.146,47.469,8.451,72
9,90,642.586,1590.614,1413.03,552.965,47.813,8.472,71
9,91,642.538,1589.618,1401.192,553.182,47.197,8.435,70
9,92,641.869,1588.187,1419.161,552.991,47.75,8.572,69
9,93,642.972,1585.89,1405.893,553.034,47.437,8.457,68
9,94,643.246,1593.12,1399.933,552.609,47.486,8.504,67
9,95,643.33,1599.887,1407.178,552.795,47.755,8.454,66
9,96,642.765,1587.484,1394.4,553.049,47.569,8.534,65
9,97,642.844,1584.19,1408.74,551.926,47.318,8.51,64
9,98,642.744,1592.964,1398.646,552.834,47.509,8.524,63
9,99,643.171,1591.909,1419.857,552.755,47.968,8.445,62
9,100,642.395,1592.417,1401.741,553.209,47.666,8.531,61
9,101,642.868,1589.696,1413.987,552.576,47.471,8.508,60
9,102,642.895,1587.909,1410.597,553.688,47.543,8.472,59
9,103,642.153,1589.436,1415.199,553.292,47.688,8.53,58
9,104,643.264,1594.124,1417.328,553.643,47.625,8.44,57
9,105,643.247,1592.862,1421.007,553.482,48.16,8.52,56
9,106,643.065,1584.268,1413.601,552.548,47.734,8.498,55
9,107,643.188,1589.487,1417.53,551.446,47.735,8.546,54
9,108,643.83,1592.873,1422.196,552.876,47.695,8.52,53
9,109,643.001,1586.884,1409.164,552.218,47.833,8.501,52
9,110,642.854,1587.816,1415.455,553.148,47.426,8.45,51
9,111,643.46,1584.652,1415.879,553.549,48.12,8.533,50
9,112,643.363,1599.23,1398.758,552.491,47.934,8.491,49
9,113,643.616,1590.135,1413.727,552.569,47.599,8.484,48
9,114,643.195,1587.264,1418.827,553.016,48.011,8.462,47
9,115,642.322,1590.416,1430.674,553.305,47.605,8.526,46
9,116,643.428,1585.031,1421.672,552.571,47.728,8.511,45
9,117,643.63,1587.555,1403.387,552.799,47.247,8.499,44
9,118,643.664,1592.963,1420.058,552.93,48.367,8.489,43
9,119,643.323,1588.967,1419.721,552.571,48.202,8.493,42
9,120,643.791,1593.164,1413.962,552.856,47.844,8.53,41
9,121,643.08,1588.057,1412.323,551.725,47.997,8.468,40
9,122,643.089,1593.529,1419.548,551.661,47.771,8.537,39
9,123,643.225,1596.386,1409.76,551.506,48.004,8.499,38
9,124,642.425,1590.449,1422.254,551.881,48.392,8.488,37
9,125,643.271,1586.28,1415.3,552.428,47.443,8.636,36
9,126,643.023,1589.253,1421.046,553.384,48.105,8.477,35
9,127,643.357,1583.78,1420.823,551.641,47.63,8.526,34
9,128,643.476,1590.336,1424.71,552.802,47.999,8.478,33
9,129,644.056,1588.243,1426.204,553.433,47.974,8.57,32
9,130,641.919,1590.75,1422.575,552.866,47.548,8.519,31
9,131,642.18,1593.258,1404.847,552.951,48.156,8.513,30
9,132,643.571,1590.813,1417.784,551.793,48.024,8.468,29
9,133,642.528,1591.27,1415.251,552.484,47.713,8.611,28
9,134,643.439,1592.765,1417.888,552.831,48.027,8.554,27
9,135,643.713,1584.612,1406.171,552.273,47.842,8.561,26
9,136,643.406,1594.315,1409.607,552.287,47.563,8.555,25
9,137,642.568,1593.458,1408.455,552.081,48.13,8.55,24
9,138,642.688,1589.452,1408.45,551.407,47.944,8.565,23
9,139,643.642,1594.63,1417.577,552.098,47.654,8.527,22
9,140,642.865,1588.917,1418.373,552.157,48.696,8.492,21
9,141,643.419,1586.681,1415.704,552.023,48.149,8.53,20
9,142,643.405,1590.734,1409.817,551.852,47.85,8.552,19
9,143,643.758,1591.595,1416.903,551.298,48.088,8.523,18
9,144,643.859,1597.879,1417.482,551.627,47.957,8.566,17
9,145,643.396,1590.436,1422.185,552.368,47.883,8.488,16
9,146,643.76,1589.703,1420.284,552.176,47.505,8.559,15
9,147,643.802,1595.401,1419.898,551.092,48.304,8.573,14
9,148,643.045,1589.781,1420.777,552.401,47.871,8.592,13
9,149,642.796,1588.843,1407.201,551.593,48.378,8.643,12
9,150,643.724,1590.54,1418.454,552.258,47.619,8.539,11
9,151,644.281,1588.992,1415.488,552.008,48.088,8.538,10
9,152,643.686,1595.688,1431.95,551.919,48.015,8.626,9
9,153,643.42,1588.04,1421.882,552.5,48.124,8.563,8
9,154,643.032,1593.186,1427.98,551.325,47.981,8.553,7
9,155,643.386,1594.493,1423.442,552.138,47.806,8.504,6
9,156,643.835,1591.56,1432.013,552.844,48.556,8.534,5
9,157,643.99,1597.15,1425.735,551.704,48.386,8.573,4
9,158,643.808,1587.598,1425.257,551.731,48.191,8.584,3
9,159,643.848,1593.65,1426.311,551.741,47.719,8.599,2
9,160,643.419,1588.619,1415.662,551.962,48.067,8.493,1
9,161,643.627,1598.677,1419.292,551.717,48.361,8.612,0
10,1,642.461,1573.914,1410.412,554.317,47.816,8.369,162
10,2,641.209,1585.041,1398.378,554.324,47.47,8.397,161
10,3,641.896,1587.113,1398.517,553.825,47.462,8.451,160
10,4,642.495,1584.362,1387.246,553.917,47.014,8.396,159
10,5,641.708,1584.965,1393.883,553.348,47.511,8.362,158
10,6,642.013,1588.882,1405.641,554.382,47.282,8.43,157
10,7,642.634,1586.78,1389.173,553.716,47.382,8.377,156
10,8,642.749,1584.845,1400.751,554.538,47.164,8.409,155
10,9,642.428,1579.228,1398.574,554.386,47.228,8.461,154
10,10,641.318,1578.377,1404.952,554.399,47.165,8.419,153
10,11,642.367,1581.902,1396.145,554.056,47.442,8.357,152
10,12,641.947,1584.203,1402.947,553.952,47.082,8.454,151
10,13,641.798,1584.034,1390.947,553.594,47.349,8.417,150
10,14,642.315,1587.43,1413.08,553.571,46.818,8.363,149
10,15,641.734,1581.354,1401.176,554.565,47.61,8.425,148
10,16,643.019,1583.851,1390.881,554.459,46.768,8.375,147
10,17,642.295,1584.894,1399.595,553.336,47.228,8.446,146
10,18,642.075,1582.009,1393.322,553.514,47.331,8.42,145
10,19,641.711,1576.515,1403.396,553.464,47.408,8.377,144
10,20,641.633,1586.0,1415.092,554.28,47.273,8.422,143
10,21,641.295,1580.927,1385.952,554.763,47.623,8.424,142
10,22,642.15,1579.24,1399.775,554.787,47.277,8.386,141
10,23,641.304,1590.998,1400.746,553.005,47.017,8.358,140
10,24,642.042,1586.338,1398.224,554.264,47.271,8.453,139
10,25,641.947,1597.722,1397.935,553.416,46.997,8.402,138
10,26,641.341,1586.752,1389.97,553.941,46.92,8.396,137
10,27,642.393,1594.823,1395.015,553.777,47.08,8.377,136
10,28,641.806,1588.937,1398.638,554.968,47.368,8.372,135
10,29,641.97,1582.468,1406.451,553.016,46.932,8.39,134
10,30,642.449,1590.643,1410.02,554.091,47.25,8.446,133
10,31,641.634,1578.368,1404.444,553.315,47.258,8.42,132
10,32,642.268,1589.534,1406.906,553.906,47.168,8.42,131
10,33,641.896,1585.034,1417.713,553.891,47.395,8.388,130
10,34,642.631,1588.898,1406.7,553.898,47.544,8.468,129
10,35,642.306,1585.437,1407.556,553.329,47.11,8.416,128
10,36,641.403,1589.245,1396.506,553.536,47.24,8.42,127
10,37,642.04,1585.704,1402.022,553.539,47.104,8.463,126
10,38,641.256,1585.19,1399.663,553.962,46.938,8.4,125
10,39,642.165,1590.334,1404.568,553.151,47.183,8.457,124
10,40,641.678,1585.78,1402.62,553.54,47.983,8.405,123
10,41,642.429,1583.07,1405.942,554.158,47.167,8.421,122
10,42,641.833,1581.6,1409.098,553.435,46.714,8.494,121
10,43,641.883,1585.234,1412.826,553.631,47.281,8.375,120
10,44,641.517,1585.597,1405.262,553.844,47.206,8.426,119
10,45,641.434,1588.146,1404.16,554.668,47.332,8.388,118
10,46,642.247,1585.038,1405.906,553.684,47.02,8.362,117
10,47,642.397,1591.926,1403.882,554.066,47.593,8.439,116
10,48,641.921,1587.219,1410.758,553.913,47.531,8.41,115
10,49,642.206,1586.008,1403.318,554.221,46.762,8.431,114
10,50,642.27,1581.043,1407.768,553.264,47.264,8.505,113
10,51,642.77,1588.873,1406.135,553.533,47.857,8.464,112
10,52,641.987,1581.021,1407.365,553.576,47.005,8.45,111
10,53,642.213,1588.791,1406.729,553.288,47.525,8.413,110
10,54,642.148,1584.587,1410.981,553.44,47.715,8.506,109
10,55,642.02,1575.08,1410.579,553.398,47.16,8.412,108
10,56,642.176,1592.001,1405.39,554.199,47.505,8.424,107
10,57,642.197,1589.108,1409.472,554.043,47.321,8.444,106
10,58,642.645,1585.374,1397.86,553.13,47.331,8.465,105
10,59,642.959,1581.536,1401.207,553.342,47.595,8.418,104
10,60,642.209,1581.362,1407.814,553.428,47.237,8.43,103
10,61,642.919,1583.041,1399.987,554.122,47.425,8.468,102
10,62,642.603,1586.97,1403.071,553.9,47.702,8.486,101
10,63,641.899,1592.382,1403.139,553.094,47.374,8.476,100
10,64,642.686,1586.193,1410.439,553.529,47.278,8.416,99
10,65,642.638,1586.936,1397.287,553.87,47.307,8.509,98
10,66,641.832,1586.596,1401.468,552.945,47.31,8.517,97
10,67,642.539,1584.205,1394.826,552.56,47.303,8.422,96
10,68,642.384,1578.336,1405.378,553.921,47.848,8.373,95
10,69,642.135,1584.062,1406.934,552.784,47.868,8.451,94
10,70,642.451,1593.904,1406.095,553.581,47.266,8.396,93
10,71,642.243,1596.335,1410.123,553.505,47.215,8.488,92
10,72,641.917,1581.374,1403.105,554.331,47.939,8.435,91
10,73,642.236,1581.136,1407.062,553.422,47.667,8.49,90
10,74,642.462,1589.977,1402.526,553.596,47.348,8.473,89
10,75,642.732,1588.084,1411.634,552.528,47.215,8.445,88
10,76,641.924,1586.238,1404.756,553.954,47.522,8.498,87
10,77,642.72,1585.779,1407.945,553.65,47.791,8.453,86
10,78,641.854,1581.108,1405.324,552.103,47.947,8.483,85
10,79,642.321,1583.598,1413.592,552.701,47.249,8.43,84
10,80,642.67,1590.578,1414.72,553.766,47.51,8.503,83
10,81,642.329,1580.869,1403.68,552.826,47.357,8.425,82
10,82,642.435,1590.691,1418.141,552.352,47.199,8.433,81
10,83,642.999,1587.45,1403.649,553.559,47.766,8.465,80
10,84,642.299,1589.411,1406.739,553.066,47.405,8.504,79
10,85,642.79,1592.532,1416.303,553.401,47.412,8.509,78
10,86,642.899,1598.863,1410.292,553.506,47.618,8.465,77
10,87,642.585,1589.686,1411.706,553.719,47.628,8.452,76
10,88,642.567,1583.278,1418.694,552.857,47.799,8.482,75
10,89,642.863,1588.161,1404.149,552.628,47.995,8.477,74
10,90,643.245,1594.232,1406.561,553.309,47.581,8.428,73
10,91,642.667,1591.104,1406.183,552.92,47.532,8.56,72
10,92,641.938,1590.823,1407.809,552.747,47.512,8.503,71
10,93,643.102,1589.623,1416.038,553.686,47.792,8.456,70
10,94,643.011,1590.938,1404.741,552.252,47.088,8.482,69
10,95,642.935,1584.277,1416.065,553.097,47.938,8.495,68
10,96,642.334,1590.901,1413.964,552.732,47.246,8.485,67
10,97,642.376,1593.615,1407.656,553.852,47.082,8.488,66
10,98,643.482,1585.634,1409.301,552.773,47.449,8.494,65
10,99,642.269,1588.816,1413.509,552.851,47.376,8.526,64
10,100,643.194,1585.16,1402.807,552.467,47.769,8.498,63
10,101,643.233,1588.085,1405.182,553.386,47.501,8.495,62
10,102,642.194,1587.176,1416.947,552.553,47.849,8.396,61
10,103,642.652,1588.835,1421.506,552.31,47.82,8.533,60
10,104,642.593,1588.093,1412.062,552.138,47.545,8.543,59
10,105,643.166,1589.026,1412.053,553.153,47.858,8.471,58
10,106,643.635,1594.985,1415.601,552.425,47.417,8.481,57
10,107,642.985,1582.713,1414.669,553.474,47.823,8.469,56
10,108,642.613,1591.053,1410.945,553.035,47.836,8.541,55
10,109,642.475,1590.808,1409.85,552.748,47.908,8.537,54
10,110,643.627,1591.692,1411.536,552.654,47.265,8.553,53
10,111,642.867,1592.081,1416.437,552.141,47.475,8.563,52
10,112,643.156,1587.804,1411.772,553.29,47.946,8.444,51
10,113,643.774,1594.06,1411.784,552.134,47.983,8.523,50
10,114,642.397,1589.336,1431.625,552.721,47.541,8.465,49
10,115,643.864,1593.724,1421.482,552.82,48.047,8.473,48
10,116,643.154,1591.551,1421.502,552.839,47.584,8.511,47
10,117,642.34,1581.189,1418.367,552.475,47.682,8.543,46
10,118,643.737,1592.681,1425.119,552.896,47.83,8.52,45
10,119,642.544,1594.438,1399.051,552.335,47.767,8.481,44
10,120,642.934,1598.043,1420.521,552.267,47.651,8.463,43
10,121,643.468,1589.757,1402.272,552.643,47.885,8.554,42
10,122,643.133,1589.337,1426.163,552.579,47.963,8.495,41
10,123,643.49,1585.077,1411.649,551.954,47.639,8.568,40
10,124,642.919,1593.845,1423.701,552.526,48.046,8.541,39
10,125,643.261,1594.045,1425.814,552.204,47.565,8.48,38
10,126,643.671,1595.634,1411.73,551.437,47.643,8.544,37
10,127,643.208,1591.911,1411.99,552.994,47.905,8.547,36
10,128,643.324,1593.36,1418.061,552.005,47.92,8.557,35
10,129,643.787,1593.001,1409.698,552.045,47.725,8.534,34
10,130,643.227,1586.915,1408.891,551.384,47.061,8.523,33
10,131,644.341,1598.671,1409.981,552.49,47.482,8.477,32
10,132,642.773,1590.657,1414.938,552.523,48.022,8.518,31
10,133,643.343,1587.258,1408.148,551.629,48.026,8.519,30
10,134,642.5,1591.456,1408.905,553.19,47.726,8.561,29
10,135,643.847,1587.964,1417.038,552.619,47.907,8.55,28
10,136,642.773,1594.075,1413.85,552.498,48.116,8.564,27
10,137,643.544,1594.503,1421.083,553.053,47.885,8.545,26
10,138,643.822,1590.049,1409.126,552.533,47.85,8.492,25
10,139,643.643,1597.812,1407.546,552.779,47.274,8.526,24
10,140,644.261,1590.851,1418.052,552.63,47.487,8.546,23
10,141,643.477,1599.69,1410.285,552.039,47.692,8.503,22
10,142,643.971,1592.425,1414.555,551.952,47.791,8.527,21
10,143,642.91,1591.361,1415.923,551.813,47.978,8.558,20
10,144,643.244,1591.897,1431.219,553.233,47.684,8.513,19
10,145,643.033,1596.779,1416.067,552.274,48.454,8.551,18
10,146,643.844,1594.711,1415.12,552.665,47.751,8.606,17
10,147,643.277,1590.796,1412.311,551.654,47.864,8.457,16
10,148,643.452,1590.755,1423.774,552.308,47.802,8.537,15
10,149,643.468,1598.81,1414.294,551.717,47.704,8.498,14
10,150,643.727,1593.757,1427.118,552.579,48.594,8.556,13
10,151,643.488,1587.824,1423.795,552.098,48.165,8.515,12
10,152,643.779,1593.925,1420.645,551.677,48.308,8.644,11
10,153,643.137,1596.066,1402.74,552.334,47.551,8.543,10
10,154,643.062,1592.403,1425.236,551.051,47.937,8.545,9
10,155,644.381,1595.073,1413.337,551.724,48.424,8.595,8
10,156,643.272,1592.358,1419.187,551.671,47.615,8.541,7
10,157,644.327,1591.983,1420.177,551.991,48.605,8.571,6
10,158,644.21,1591.196,1419.439,551.907,47.865,8.564,5
10,159,644.134,1590.469,1421.196,552.235,47.861,8.617,4
10,160,643.783,1593.092,1409.347,551.674,48.168,8.645,3
10,161,644.023,1598.34,1414.342,551.777,48.389,8.541,2
10,162,644.218,1596.851,1423.446,551.656,47.845,8.649,1
10,163,644.084,1595.362,1419.523,551.819,48.141,8.596,0
11,1,641.649,1579.137,1400.514,553.126,47.119,8.38,186
11,2,642.223,1592.94,1388.357,555.135,47.143,8.414,185
11,3,641.367,1589.006,1400.294,553.965,46.717,8.403,184
11,4,642.386,1584.083,1407.114,554.56,47.043,8.464,183
11,5,642.028,1585.238,1400.69,554.025,46.546,8.393,182
11,6,641.397,1591.557,1409.643,554.413,47.146,8.361,181
11,7,641.717,1592.836,1396.006,552.806,47.464,8.461,180
11,8,642.763,1589.233,1407.404,554.007,46.689,8.403,179
11,9,642.299,1584.554,1399.147,553.495,46.959,8.475,178
11,10,642.866,1585.101,1401.961,553.482,47.372,8.473,177
11,11,641.338,1586.984,1403.548,554.232,47.624,8.484,176
11,12,641.924,1587.839,1400.863,553.648,47.282,8.43,175
11,13,642.131,1581.64,1397.622,553.732,47.006,8.416,174
11,14,642.225,1589.102,1395.305,553.666,47.607,8.397,173
11,15,642.054,1584.504,1407.298,554.536,47.499,8.405,172
11,16,641.652,1592.926,1405.688,553.717,47.578,8.383,171
11,17,642.684,1591.16,1395.074,554.231,47.42,8.51,170
11,18,641.72,1590.999,1400.761,553.314,47.197,8.405,169
11,19,641.582,1586.54,1406.459,554.048,47.094,8.4,168
11,20,642.061,1586.184,1407.428,554.059,46.881,8.384,167
11,21,642.142,1589.835,1408.615,554.805,47.267,8.437,166
11,22,641.418,1587.083,1394.436,553.88,47.994,8.419,165
11,23,641.689,1587.019,1397.847,553.425,47.765,8.45,164
11,24,642.238,1583.847,1399.147,554.67,47.318,8.285,163
11,25,643.177,1586.172,1403.136,554.436,47.36,8.439,162
11,26,641.903,1580.547,1402.822,554.602,47.085,8.38,161
11,27,642.648,1583.665,1398.744,553.693,47.233,8.347,160
11,28,641.862,1586.443,1402.614,554.452,47.712,8.471,159
11,29,642.522,1584.955,1397.605,553.875,47.401,8.444,158
11,30,642.396,1585.094,1406.135,554.489,47.478,8.41,157
11,31,641.746,1582.177,1397.398,553.98,47.391,8.356,156
11,32,641.901,1586.61,1396.159,554.061,47.187,8.384,155
11,33,642.157,1587.236,1396.54,553.716,47.384,8.383,154
11,34,641.394,1579.551,1399.197,553.17,47.183,8.481,153
11,35,641.525,1584.598,1414.575,554.026,47.181,8.408,152
11,36,642.345,1592.543,1398.673,553.435,46.931,8.419,151
11,37,641.526,1583.937,1396.484,554.343,47.152,8.432,150
11,38,641.443,1586.35,1394.796,553.586,47.835,8.454,149
11,39,642.114,1598.653,1396.604,554.373,46.903,8.407,148
11,40,641.572,1586.919,1402.512,553.629,47.562,8.395,147
11,41,642.332,1589.206,1393.359,553.4,47.306,8.444,146
11,42,642.831,1585.094,1400.443,553.33,47.378,8.407,145
11,43,642.075,1585.617,1405.736,553.476,47.106,8.437,144
11,44,640.844,1583.612,1395.603,554.351,47.192,8.398,143
11,45,642.191,1583.681,1400.181,553.789,47.201,8.404,142
11,46,641.765,1581.483,1403.048,553.885,46.953,8.452,141
11,47,642.571,1590.033,1404.571,554.041,47.86,8.411,140
11,48,641.764,1580.034,1413.395,554.598,47.086,8.394,139
11,49,642.096,1591.104,1395.227,552.722,47.863,8.437,138
11,50,642.453,1585.424,1405.836,552.939,47.114,8.429,137
11,51,641.234,1585.072,1400.948,553.535,47.19,8.386,136
11,52,641.444,1586.899,1401.425,552.99,47.348,8.415,135
11,53,642.064,1577.73,1407.416,553.052,47.352,8.395,134
11,54,642.104,1591.006,1406.604,554.224,47.422,8.444,133
11,55,641.486,1585.165,1402.16,554.261,47.217,8.439,132
11,56,642.397,1591.106,1402.803,554.053,46.921,8.365,131
11,57,641.275,1589.659,1407.744,554.078,47.182,8.408,130
11,58,642.256,1592.329,1413.963,554.017,47.438,8.485,129
11,59,642.204,1585.031,1403.125,553.121,47.316,8.387,128
11,60,642.788,1588.81,1412.576,552.786,47.839,8.37,127
11,61,641.796,1584.193,1411.945,553.703,47.307,8.402,126
11,62,641.724,1591.249,1408.992,554.256,47.471,8.329,125
11,63,641.792,1588.619,1402.084,553.29,47.1,8.473,124
11,64,642.566,1588.807,1400.603,553.648,47.046,8.431,123
11,65,641.231,1580.572,1402.575,554.737,46.934,8.387,122
11,66,642.475,1593.965,1405.826,553.89,47.304,8.417,121
11,67,642.423,1584.297,1409.064,552.725,47.616,8.44,120
11,68,642.298,1580.402,1398.945,554.117,47.345,8.451,119
11,69,642.008,1586.901,1396.698,553.557,47.494,8.453,118
11,70,642.006,1585.693,1408.262,553.39,47.334,8.517,117
11,71,641.993,1591.427,1398.219,553.813,47.588,8.422,116
11,72,641.882,1579.268,1401.565,553.738,47.146,8.447,115
11,73,641.775,1586.26,1398.484,553.424,47.294,8.396,114
11,74,642.152,1583.504,1397.593,553.994,47.334,8.357,113
11,75,642.177,1590.945,1401.02,554.19,47.214,8.466,112
11,76,642.933,1589.133,1397.453,552.959,47.726,8.414,111
11,77,642.915,1585.657,1406.662,552.726,47.286,8.413,110
11,78,642.586,1587.797,1408.702,553.162,47.21,8.456,109
11,79,642.031,1591.785,1405.354,553.233,47.563,8.446,108
11,80,641.758,1583.273,1412.502,553.426,47.031,8.464,107
11,81,642.261,1584.068,1399.403,553.873,46.965,8.418,106
11,82,642.577,1593.927,1409.711,552.938,47.844,8.398,105
11,83,642.652,1589.612,1401.219,553.698,47.338,8.481,104
11,84,641.714,1589.049,1404.151,553.913,47.46,8.504,103
11,85,642.78,1587.248,1411.468,553.723,47.594,8.363,102
11,86,642.119,1593.343,1399.326,553.755,47.657,8.427,101
11,87,641.673,1585.58,1419.449,552.87,47.287,8.417,100
11,88,643.128,1586.934,1403.347,553.997,47.635,8.421,99
11,89,642.04,1592.588,1407.324,552.503,47.05,8.414,98
11,90,642.043,1579.821,1400.749,552.806,47.385,8.528,97
11,91,642.491,1587.385,1410.524,553.135,47.606,8.472,96
11,92,642.676,1599.172,1413.059,552.7,47.603,8.43,95
11,93,642.832,1582.656,1401.069,553.4,47.765,8.483,94
11,94,643.026,1589.703,1408.876,552.964,47.724,8.505,93
11,95,642.623,1587.791,1417.515,553.193,47.545,8.485,92
11,96,642.618,1585.029,1410.36,553.171,47.992,8.498,91
11,97,642.404,1591.279,1410.066,553.833,47.405,8.475,90
11,98,642.638,1588.648,1403.035,553.453,47.646,8.52,89
11,99,642.689,1586.819,1413.21,552.755,47.818,8.513,88
11,100,643.27,1590.026,1405.684,553.194,47.647,8.448,87
11,101,643.314,1590.893,1403.379,554.068,47.582,8.428,86
11,102,642.352,1594.577,1419.812,553.618,47.892,8.521,85
11,103,642.986,1589.995,1412.232,553.469,47.383,8.503,84
11,104,643.403,1587.907,1407.245,553.326,47.411,8.422,83
11,105,643.274,1586.983,1409.367,552.769,47.898,8.51,82
11,106,642.66,1584.121,1407.307,553.346,47.631,8.481,81
11,107,642.874,1591.931,1409.271,553.273,47.343,8.58,80
11,108,642.662,1589.765,1413.055,552.829,47.597,8.479,79
11,109,642.39,1590.76,1399.895,553.897,47.799,8.506,78
11,110,642.031,1585.89,1418.261,555.083,47.905,8.523,77
11,111,643.059,1585.726,1416.032,552.443,47.309,8.431,76
11,112,643.273,1588.942,1410.802,552.973,47.336,8.457,75
11,113,642.566,1583.607,1407.309,552.426,47.767,8.511,74
11,114,642.275,1588.097,1421.608,552.462,47.735,8.49,73
11,115,643.36,1590.522,1408.022,552.972,47.654,8.483,72
11,116,642.286,1594.369,1417.147,552.403,47.565,8.479,71
11,117,642.37,1581.987,1406.864,552.733,47.285,8.496,70
11,118,643.426,1592.88,1410.268,551.977,47.83,8.496,69
11,119,643.105,1597.313,1406.219,551.446,47.394,8.511,68
11,120,642.937,1584.764,1402.791,552.692,47.351,8.513,67
11,121,642.752,1587.176,1406.901,552.986,47.679,8.502,66
11,122,643.03,1589.454,1405.394,552.475,47.576,8.577,65
11,123,642.353,1588.125,1412.326,552.675,47.949,8.484,64
11,124,642.866,1593.118,1422.744,553.516,47.652,8.495,63
11,125,643.005,1590.507,1406.939,553.266,47.744,8.497,62
11,126,642.424,1590.227,1400.809,552.492,47.557,8.511,61
11,127,643.853,1592.325,1421.003,553.091,47.985,8.575,60
11,128,642.69,1586.908,1416.472,552.752,47.765,8.492,59
11,129,642.763,1596.64,1406.006,553.083,47.847,8.44,58
11,130,642.669,1587.566,1416.139,552.541,47.7,8.446,57
11,131,644.102,1590.562,1415.893,552.44,47.565,8.582,56
11,132,642.205,1591.452,1405.778,552.493,47.574,8.467,55
11,133,643.096,1580.126,1411.303,552.635,47.4,8.568,54
11,134,642.824,1589.509,1409.792,552.625,48.073,8.608,53
11,135,643.44,1594.873,1423.793,552.775,48.145,8.542,52
11,136,643.181,1591.983,1402.716,552.782,47.372,8.447,51
11,137,643.216,1586.187,1413.753,552.69,47.81,8.477,50
11,138,643.546,1590.349,1416.593,552.007,47.726,8.558,49
11,139,643.59,1587.579,1410.825,552.096,47.613,8.459,48
11,140,643.104,1593.363,1409.541,552.53,47.728,8.559,47
11,141,642.903,1588.592,1409.328,551.991,47.922,8.512,46
11,142,643.216,1596.054,1422.55,551.721,47.958,8.528,45
11,143,642.996,1592.329,1404.353,553.26,47.931,8.486,44
11,144,642.953,1584.269,1412.983,552.272,47.477,8.553,43
11,145,643.804,1591.036,1413.188,552.715,47.81,8.48,42
11,146,642.948,1590.023,1416.666,552.487,47.873,8.463,41
11,147,643.554,1591.286,1430.65,552.273,47.908,8.639,40
11,148,643.355,1591.066,1409.569,553.215,47.544,8.544,39
11,149,643.067,1590.644,1407.104,553.107,47.771,8.479,38
11,150,643.857,1589.449,1417.813,552.84,47.965,8.441,37
11,151,643.619,1591.128,1413.989,552.349,47.451,8.538,36
11,152,642.705,1590.452,1417.06,552.925,47.655,8.59,35
11,153,643.758,1589.943,1409.629,551.65,47.934,8.504,34
11,154,643.885,1589.008,1411.037,552.473,47.701,8.535,33
11,155,643.802,1592.261,1417.328,552.442,47.456,8.552,32
11,156,643.443,1595.429,1420.398,552.223,48.144,8.525,31
11,157,643.496,1590.679,1419.695,552.119,48.304,8.619,30
11,158,643.791,1598.155,1407.851,551.581,47.819,8.541,29
11,159,643.322,1585.488,1424.158,553.352,48.226,8.585,28
11,160,643.526,1588.751,1417.847,553.312,47.824,8.524,27
11,161,643.936,1596.885,1412.488,552.112,47.794,8.547,26
11,162,643.948,1589.041,1424.277,552.277,48.507,8.558,25
11,163,643.421,1594.623,1415.881,551.312,47.872,8.536,24
11,164,642.762,1592.1,1405.666,552.019,48.0,8.552,23
11,165,643.307,1592.117,1413.53,552.182,47.96,8.513,22
11,166,643.626,1593.573,1417.403,553.371,47.918,8.539,21
11,167,643.329,1588.712,1422.682,551.8,47.818,8.53,20
11,168,643.09,1585.659,1415.956,552.563,48.016,8.616,19
11,169,643.884,1594.828,1430.197,552.061,47.989,8.554,18
11,170,644.255,1592.811,1415.18,552.387,47.776,8.577,17
11,171,643.76,1592.112,1422.633,551.332,48.028,8.539,16
11,172,644.876,1593.562,1415.828,551.37,48.32,8.545,15
11,173,643.246,1594.354,1423.475,552.359,48.006,8.567,14
11,174,643.72,1594.424,1422.296,552.573,48.022,8.529,13
11,175,643.565,1596.163,1409.198,551.118,48.244,8.624,12
11,176,643.074,1593.62,1417.69,551.861,48.098,8.513,11
11,177,643.159,1592.083,1419.387,551.411,48.226,8.549,10
11,178,643.482,1594.489,1419.658,552.376,47.802,8.511,9
11,179,643.546,1593.67,1413.159,551.246,48.088,8.538,8
11,180,643.046,1597.361,1416.986,552.497,48.057,8.582,7
11,181,643.619,1582.95,1414.129,551.842,48.148,8.5,6
11,182,643.704,1589.152,1422.531,551.878,48.25,8.616,5
11,183,643.949,1597.154,1419.196,553.282,47.767,8.553,4
11,184,644.162,1596.795,1424.397,552.19,47.558,8.639,3
11,185,643.679,1598.84,1409.447,551.963,47.945,8.6,2
11,186,643.928,1595.392,1415.47,551.789,48.048,8.598,1
11,187,644.245,1594.602,1414.343,551.854,48.753,8.646,0
12,1,640.663,1585.258,1405.605,553.908,47.085,8.389,148
12,2,642.251,1580.42,1407.166,553.969,46.968,8.445,147
12,3,641.31,1582.805,1396.633,555.066,47.031,8.314,146
12,4,641.746,1586.862,1404.801,555.129,47.556,8.408,145
12,5,641.61,1591.551,1397.924,553.657,47.101,8.351,144
12,6,641.805,1584.14,1404.562,553.788,46.89,8.337,143
12,7,642.113,1585.382,1396.898,553.744,47.306,8.457,142
12,8,641.671,1585.468,1406.023,553.585,47.207,8.401,141
12,9,641.437,1585.808,1400.516,554.245,46.917,8.403,140
12,10,642.653,1593.466,1408.063,553.373,47.328,8.384,139
12,11,642.164,1582.092,1390.16,553.784,47.399,8.415,138
12,12,642.222,1586.071,1402.93,554.214,47.152,8.407,137
12,13,642.831,1585.8,1400.822,553.995,47.169,8.387,136
12,14,642.146,1583.236,1399.761,553.541,47.253,8.429,135
12,15,641.962,1577.254,1404.245,553.99,46.98,8.437,134
12,16,641.434,1589.498,1400.43,552.788,47.276,8.39,133
12,17,641.819,1582.396,1400.085,553.673,46.771,8.458,132
12,18,641.966,1582.45,1394.153,554.293,46.913,8.413,131
12,19,641.819,1583.308,1394.38,553.59,47.243,8.418,130
12,20,641.735,1585.079,1406.413,553.06,47.243,8.371,129
12,21,641.622,1586.52,1397.893,553.275,47.579,8.446,128
12,22,641.233,1579.613,1404.809,553.733,47.626,8.435,127
12,23,642.244,1581.458,1404.283,553.229,47.581,8.428,126
12,24,641.745,1588.801,1414.871,553.749,47.396,8.394,125
12,25,642.162,1579.59,1401.509,553.871,47.712,8.341,124
12,26,642.005,1590.808,1400.153,553.754,47.057,8.376,123
12,27,641.317,1583.177,1395.761,553.889,47.073,8.395,122
12,28,641.943,1585.541,1398.621,553.29,47.295,8.457,121
12,29,642.212,1583.334,1401.15,552.786,47.242,8.399,120
12,30,641.743,1582.805,1399.526,554.297,47.554,8.379,119
12,31,641.938,1583.884,1406.945,553.864,47.309,8.439,118
12,32,641.911,1591.351,1402.179,553.353,47.232,8.467,117
12,33,641.996,1589.736,1398.541,553.388,47.459,8.384,116
12,34,642.566,1587.388,1397.157,553.724,47.161,8.434,115
12,35,643.054,1584.542,1405.707,553.762,47.308,8.414,114
12,36,641.828,1587.409,1400.88,553.286,47.56,8.425,113
12,37,642.12,1591.474,1391.706,554.364,47.091,8.431,112
12,38,641.967,1582.467,1410.717,554.645,47.261,8.437,111
12,39,642.267,1593.127,1390.267,553.894,47.139,8.33,110
12,40,642.088,1593.644,1399.124,554.089,47.625,8.425,109
12,41,642.314,1579.434,1398.879,554.136,47.345,8.441,108
12,42,642.329,1595.115,1400.709,554.473,47.368,8.495,107
12,43,641.728,1587.134,1401.049,553.729,47.645,8.443,106
12,44,642.838,1583.763,1398.593,553.655,47.335,8.421,105
12,45,641.867,1591.288,1401.474,554.348,47.353,8.456,104
12,46,642.56,1583.247,1405.977,554.587,47.417,8.467,103
12,47,642.631,1587.823,1405.016,553.884,47.55,8.378,102
12,48,642.44,1585.909,1401.673,554.246,47.181,8.377,101
12,49,642.698,1581.016,1392.581,554.039,47.409,8.453,100
12,50,642.151,1581.212,1397.162,553.436,47.057,8.447,99
12,51,642.152,1587.542,1405.336,553.753,47.505,8.422,98
12,52,642.454,1587.8,1389.962,553.87,47.423,8.46,97
12,53,641.803,1585.646,1398.118,553.906,47.04,8.401,96
12,54,642.633,1584.446,1399.23,553.973,47.633,8.468,95
12,55,642.786,1586.092,1403.706,553.183,47.444,8.419,94
12,56,642.22,1589.473,1412.176,553.692,47.856,8.413,93
12,57,641.599,1589.988,1400.574,553.343,46.97,8.407,92
12,58,641.761,1585.449,1402.976,553.511,47.729,8.471,91
12,59,641.719,1589.675,1406.152,553.403,47.419,8.453,90
12,60,642.149,1586.57,1412.725,553.086,47.173,8.444,89
12,61,641.963,1580.466,1403.696,554.148,47.426,8.454,88
12,62,641.525,1589.168,1406.465,553.077,47.487,8.455,87
12,63,642.018,1588.802,1413.231,553.281,47.231,8.442,86
12,64,642.891,1582.628,1409.665,553.042,47.514,8.428,85
12,65,642.263,1593.686,1397.884,553.609,47.892,8.479,84
12,66,641.932,1582.527,1401.976,553.43,47.522,8.402,83
12,67,642.15,1584.468,1405.549,554.329,47.238,8.415,82
12,68,642.045,1590.317,1406.535,552.874,47.387,8.424,81
12,69,642.7,1598.574,1410.238,553.26,47.317,8.403,80
12,70,642.91,1590.615,1404.288,553.898,47.495,8.489,79
12,71,642.725,1587.252,1401.507,553.204,47.707,8.439,78
12,72,642.803,1583.692,1412.07,553.417,47.202,8.452,77
12,73,643.036,1583.05,1401.119,553.211,48.042,8.435,76
12,74,642.853,1589.191,1404.163,553.311,47.403,8.449,75
12,75,641.895,1588.116,1413.251,553.243,47.794,8.487,74
12,76,642.629,1585.767,1405.097,552.463,47.461,8.471,73
12,77,643.441,1590.457,1402.984,552.463,47.483,8.499,72
12,78,642.582,1590.577,1407.246,553.525,47.142,8.532,71
12,79,642.194,1591.65,1406.86,553.093,47.487,8.48,70
12,80,642.914,1592.774,1417.103,553.3,47.982,8.475,69
12,81,643.206,1590.322,1405.523,553.209,47.687,8.471,68
12,82,642.921,1592.136,1408.842,551.63,47.987,8.462,67
12,83,642.378,1584.245,1407.128,552.804,47.39,8.448,66
12,84,643.0,1596.931,1414.236,553.63,47.487,8.48,65
12,85,642.967,1586.24,1406.925,553.479,47.86,8.48,64
12,86,642.251,1587.764,1400.999,553.073,47.658,8.468,63
12,87,642.912,1590.683,1411.357,552.418,47.538,8.497,62
12,88,643.527,1587.997,1413.29,553.441,47.559,8.528,61
12,89,643.372,1594.676,1412.907,554.164,47.462,8.568,60
12,90,643.191,1594.587,1408.408,553.389,47.979,8.441,59
12,91,642.786,1580.731,1409.43,552.542,47.575,8.603,58
12,92,643.646,1583.609,1414.008,553.332,47.552,8.494,57
12,93,643.012,1584.052,1404.66,553.001,47.669,8.46,56
12,94,642.544,1589.151,1416.341,552.859,48.057,8.462,55
12,95,643.003,1588.165,1414.728,552.489,48.14,8.424,54
12,96,643.703,1590.014,1414.692,553.53,47.88,8.464,53
12,97,643.216,1597.197,1406.232,553.904,47.769,8.477,52
12,98,642.558,1588.908,1400.003,552.619,47.614,8.453,51
12,99,643.311,1588.999,1408.1,552.646,47.776,8.5,50
12,100,642.674,1590.451,1411.792,552.221,47.623,8.522,49
12,101,643.262,1589.103,1416.339,552.282,47.465,8.49,48
12,102,643.693,1590.751,1410.809,553.526,47.638,8.591,47
12,103,642.804,1586.126,1411.646,552.611,47.515,8.608,46
12,104,643.193,1592.105,1410.058,552.428,47.981,8.438,45
12,105,642.551,1589.335,1421.121,552.511,47.836,8.508,44
12,106,643.663,1584.061,1417.617,552.58,47.971,8.475,43
12,107,643.106,1590.067,1407.373,552.021,47.603,8.515,42
12,108,642.77,1589.234,1402.261,552.457,48.011,8.539,41
12,109,643.087,1591.606,1408.796,553.436,48.28,8.519,40
12,110,644.308,1587.988,1406.449,552.25,47.716,8.607,39
12,111,643.031,1587.348,1408.755,553.155,48.028,8.496,38
12,112,642.329,1586.351,1424.665,552.911,47.803,8.592,37
12,113,644.07,1590.8,1414.424,552.256,47.723,8.459,36
12,114,642.534,1584.132,1421.229,551.747,48.29,8.491,35
12,115,644.002,1589.642,1405.52,553.15,48.161,8.486,34
12,116,643.087,1587.559,1414.389,552.543,47.73,8.451,33
12,117,642.991,1594.076,1414.055,552.305,47.594,8.501,32
12,118,643.903,1586.784,1419.83,552.473,47.895,8.498,31
12,119,643.126,1591.401,1412.578,552.595,47.957,8.615,30
12,120,643.426,1583.856,1422.879,552.308,48.353,8.589,29
12,121,643.09,1594.474,1412.536,552.391,48.028,8.576,28
12,122,643.736,1591.968,1431.2,552.188,47.465,8.477,27
12,123,644.013,1591.444,1417.455,552.079,47.762,8.504,26
12,124,643.579,1591.443,1419.312,552.499,47.777,8.478,25
12,125,642.688,1604.022,1425.774,552.98,47.723,8.539,24
12,126,643.033,1586.75,1413.575,552.952,48.11,8.501,23
12,127,643.275,1595.079,1413.886,552.309,48.009,8.557,22
12,128,643.548,1589.551,1414.211,551.681,47.526,8.539,21
12,129,643.817,1586.729,1419.36,552.62,47.466,8.534,20
12,130,644.208,1594.542,1406.706,552.536,47.747,8.574,19
12,131,643.173,1592.207,1414.911,552.188,47.8,8.539,18
12,132,642.972,1594.467,1419.396,551.357,48.199,8.543,17
12,133,643.591,1595.648,1420.523,552.727,47.886,8.593,16
12,134,643.59,1594.706,1421.185,552.744,48.148,8.536,15
12,135,643.264,1592.563,1414.413,551.577,47.444,8.493,14
12,136,644.463,1590.222,1430.605,552.283,47.972,8.497,13
12,137,643.589,1600.504,1428.742,552.197,47.706,8.52,12
12,138,643.221,1598.135,1429.4,552.137,47.926,8.622,11
12,139,643.182,1593.317,1422.601,551.586,47.852,8.534,10
12,140,644.277,1600.854,1420.726,551.862,47.87,8.564,9
12,141,643.409,1592.897,1422.732,551.772,47.981,8.558,8
12,142,643.532,1591.607,1425.041,551.068,48.431,8.573,7
12,143,643.967,1596.362,1416.436,551.474,47.788,8.559,6
12,144,644.025,1591.216,1424.55,550.726,47.959,8.618,5
12,145,643.651,1590.323,1417.179,550.374,47.811,8.615,4
12,146,643.484,1591.871,1407.348,551.051,48.37,8.599,3
12,147,643.18,1591.297,1421.384,551.246,47.581,8.57,2
12,148,644.04,1596.277,1427.03,551.045,48.105,8.567,1
12,149,643.761,1593.153,1418.037,550.291,48.39,8.593,0
13,1,642.214,1583.215,1397.496,553.615,47.335,8.368,167
13,2,641.509,1589.539,1398.955,553.923,47.374,8.374,166
13,3,641.794,1586.244,1390.804,554.105,47.013,8.435,165
13,4,642.253,1586.691,1390.439,553.94,46.909,8.399,164
13,5,640.967,1578.883,1407.247,554.173,47.116,8.365,163
13,6,641.524,1585.861,1398.087,554.758,47.16,8.404,162
13,7,641.39,1583.634,1401.249,553.795,47.086,8.415,161
13,8,642.7,1585.673,1407.094,554.288,47.48,8.377,160
13,9,641.929,1584.301,1403.55,554.369,47.242,8.437,159
13,10,641.773,1588.672,1406.414,554.307,47.247,8.431,158
13,11,641.628,1585.944,1402.172,553.298,47.334,8.353,157
13,12,641.842,1585.331,1396.036,553.999,47.234,8.371,156
13,13,642.294,1582.137,1414.201,553.898,46.927,8.365,155
13,14,642.56,1583.58,1392.347,554.374,47.118,8.43,154
13,15,642.469,1586.338,1414.962,553.079,47.02,8.395,153
13,16,643.07,1592.457,1408.379,553.538,47.057,8.372,152
13,17,641.705,1591.261,1399.246,553.873,47.423,8.339,151
13,18,642.087,1580.928,1399.005,553.63,47.072,8.415,150
13,19,642.168,1584.463,1403.061,553.482,47.405,8.399,149
13,20,641.856,1582.191,1399.455,554.845,47.221,8.362,148
13,21,642.493,1583.51,1402.675,553.6,47.56,8.384,147
13,22,642.714,1581.229,1399.285,554.596,47.285,8.499,146
13,23,641.97,1586.484,1412.545,553.132,46.836,8.377,145
13,24,642.463,1579.047,1404.77,554.145,47.752,8.452,144
13,25,642.267,1590.953,1404.496,553.644,46.966,8.388,143
13,26,642.092,1586.248,1388.528,553.756,47.262,8.433,142
13,27,642.848,1586.322,1395.96,552.949,47.43,8.377,141
13,28,642.513,1591.202,1392.232,554.127,47.584,8.453,140
13,29,641.186,1582.231,1393.897,554.104,47.368,8.305,139
13,30,642.0,1588.882,1402.548,553.907,47.177,8.371,138
13,31,642.135,1585.922,1405.435,554.174,47.293,8.458,137
13,32,641.981,1579.972,1404.691,553.88,47.399,8.364,136
13,33,642.963,1588.626,1400.187,553.341,47.548,8.372,135
13,34,643.181,1583.367,1412.326,553.707,47.677,8.387,134
13,35,642.18,1589.075,1406.064,554.341,47.164,8.421,133
13,36,642.74,1583.072,1405.618,553.672,47.341,8.421,132
13,37,641.831,1584.887,1403.143,553.721,47.686,8.459,131
13,38,642.324,1582.916,1397.423,554.75,47.044,8.424,130
13,39,642.364,1584.761,1396.447,553.361,47.164,8.392,129
13,40,642.807,1586.009,1399.413,553.798,47.472,8.407,128
13,41,642.623,1581.0,1409.68,553.73,47.297,8.394,127
13,42,641.672,1579.458,1398.173,554.019,47.072,8.361,126
13,43,641.824,1584.626,1400.776,553.651,47.575,8.473,125
13,44,643.144,1579.707,1397.813,554.054,47.207,8.459,124
13,45,642.343,1592.564,1409.306,554.226,47.222,8.421,123
13,46,642.121,1580.266,1411.983,554.057,47.243,8.478,122
13,47,641.983,1578.979,1409.3,553.035,47.284,8.435,121
13,48,642.448,1589.768,1406.845,553.939,47.14,8.439,120
13,49,641.606,1592.666,1395.05,553.48,47.012,8.399,119
13,50,642.298,1584.346,1410.437,553.756,47.23,8.424,118
13,51,642.85,1590.141,1396.847,553.292,47.469,8.444,117
13,52,641.837,1589.546,1398.443,554.273,47.487,8.386,116
13,53,642.081,1584.409,1404.858,553.508,47.073,8.376,115
13,54,642.575,1587.785,1404.642,553.734,47.209,8.44,114
13,55,643.48,1591.384,1402.391,553.326,46.653,8.476,113
13,56,642.7,1584.557,1395.644,552.999,47.484,8.431,112
13,57,642.667,1587.124,1410.148,553.75,47.585,8.352,111
13,58,641.81,1585.368,1410.94,554.494,47.342,8.412,110
13,59,641.495,1590.327,1401.277,555.021,47.202,8.522,109
13,60,642.721,1582.808,1406.088,553.916,47.336,8.472,108
13,61,642.761,1589.354,1404.715,552.931,47.378,8.446,107
13,62,641.559,1587.695,1404.351,552.858,47.319,8.428,106
13,63,643.282,1587.947,1411.268,553.436,46.938,8.468,105
13,64,642.127,1585.774,1398.855,553.519,47.678,8.48,104
13,65,643.147,1594.078,1393.019,552.874,46.965,8.469,103
13,66,642.131,1585.259,1404.118,553.65,47.05,8.394,102
13,67,642.454,1592.062,1405.388,553.05,46.89,8.483,101
13,68,642.132,1582.728,1395.373,552.714,47.191,8.437,100
13,69,641.93,1588.112,1404.312,554.532,47.011,8.454,99
13,70,642.562,1583.298,1406.489,553.793,47.466,8.504,98
13,71,641.515,1584.104,1414.895,553.852,47.582,8.499,97
13,72,641.643,1590.708,1412.559,553.053,48.11,8.458,96
13,73,641.529,1589.103,1401.982,553.952,47.595,8.428,95
13,74,643.202,1591.389,1401.464,553.281,47.592,8.438,94
13,75,642.386,1587.831,1400.167,552.227,47.528,8.374,93
13,76,642.101,1580.652,1396.803,553.544,47.418,8.444,92
13,77,641.966,1585.169,1409.085,553.291,47.685,8.494,91
13,78,642.456,1580.438,1402.42,553.255,47.291,8.415,90
13,79,642.612,1597.623,1404.165,553.289,47.162,8.508,89
13,80,642.985,1591.18,1415.388,553.063,47.42,8.528,88
13,81,642.887,1579.136,1410.094,552.973,47.726,8.477,87
13,82,641.831,1589.144,1408.766,553.432,47.651,8.521,86
13,83,642.811,1588.217,1414.527,554.357,47.741,8.471,85
13,84,642.831,1589.206,1407.889,554.305,47.331,8.51,84
13,85,642.591,1582.317,1406.788,552.935,47.668,8.468,83
13,86,642.199,1594.18,1414.598,553.987,47.589,8.464,82
13,87,642.987,1586.044,1408.979,553.092,47.17,8.472,81
13,88,642.484,1587.442,1410.523,553.802,47.329,8.455,80
13,89,642.35,1585.15,1404.915,553.053,47.693,8.482,79
13,90,642.23,1593.706,1414.293,552.687,47.859,8.484,78
13,91,642.647,1590.02,1408.616,553.395,47.606,8.458,77
13,92,641.818,1590.756,1406.673,553.497,47.685,8.459,76
13,93,643.202,1589.526,1410.043,553.025,47.992,8.446,75
13,94,642.608,1583.817,1413.568,552.788,47.459,8.455,74
13,95,642.794,1583.824,1395.896,553.293,47.054,8.511,73
13,96,643.479,1588.231,1417.3,553.038,47.989,8.46,72
13,97,641.726,1588.629,1419.9,553.302,47.466,8.492,71
13,98,643.239,1588.667,1425.56,552.761,47.852,8.511,70
13,99,642.499,1587.374,1416.061,553.077,47.692,8.416,69
13,100,643.122,1590.282,1409.72,553.17,47.511,8.459,68
13,101,642.73,1587.338,1423.338,553.43,47.377,8.565,67
13,102,642.657,1589.376,1415.792,551.974,47.567,8.462,66
13,103,642.956,1590.801,1410.098,552.882,47.898,8.498,65
13,104,642.895,1589.975,1421.731,553.015,47.51,8.411,64
13,105,642.244,1587.579,1410.22,552.635,47.732,8.466,63
13,106,642.491,1591.961,1419.242,552.344,47.712,8.414,62
13,107,642.251,1587.22,1417.992,552.492,47.453,8.493,61
13,108,642.944,1586.498,1423.257,552.733,47.692,8.477,60
13,109,643.139,1594.643,1421.479,552.469,47.946,8.516,59
13,110,643.392,1589.401,1410.534,553.302,47.916,8.558,58
13,111,643.056,1589.406,1397.056,552.013,47.585,8.453,57
13,112,643.346,1584.659,1408.967,552.571,47.991,8.474,56
13,113,643.197,1590.748,1417.556,553.212,47.688,8.431,55
13,114,642.902,1589.951,1414.014,552.401,47.988,8.501,54
13,115,642.605,1588.264,1424.031,553.086,47.972,8.46,53
13,116,642.723,1587.438,1413.729,552.651,47.594,8.489,52
13,117,642.689,1589.511,1419.465,551.965,47.81,8.56,51
13,118,642.977,1588.182,1418.496,552.213,47.724,8.464,50
13,119,642.232,1589.757,1405.535,552.683,48.015,8.581,49
13,120,643.129,1594.51,1415.675,552.48,47.262,8.574,48
13,121,642.628,1596.032,1416.668,552.167,47.828,8.595,47
13,122,643.805,1588.519,1409.343,552.689,47.716,8.559,46
13,123,643.46,1583.869,1416.534,552.532,47.773,8.523,45
13,124,643.681,1594.618,1409.452,552.576,47.659,8.447,44
13,125,643.106,1598.155,1403.847,552.576,47.764,8.527,43
13,126,642.736,1585.145,1406.018,553.237,47.539,8.497,42
13,127,644.13,1587.978,1416.514,553.086,48.045,8.465,41
13,128,642.876,1592.195,1426.205,552.156,47.675,8.536,40
13,129,643.49,1593.777,1409.725,552.254,47.859,8.572,39
13,130,643.118,1591.037,1408.82,553.434,47.851,8.566,38
13,131,643.253,1591.538,1406.147,551.41,48.133,8.527,37
13,132,643.347,1586.272,1409.904,552.999,48.262,8.501,36
13,133,643.57,1592.1,1414.773,553.376,47.721,8.576,35
13,134,643.454,1591.344,1423.904,552.578,47.817,8.583,34
13,135,643.859,1596.291,1392.521,552.635,47.901,8.528,33
13,136,643.585,1592.597,1420.091,552.264,48.23,8.562,32
13,137,643.57,1593.602,1423.145,552.891,47.835,8.572,31
13,138,643.418,1599.368,1422.965,552.049,48.453,8.45,30
13,139,643.641,1588.988,1427.85,552.471,47.679,8.525,29
13,140,643.048,1590.623,1414.764,551.951,47.952,8.553,28
13,141,642.936,1585.287,1418.781,552.574,48.075,8.56,27
13,142,644.106,1595.982,1433.175,553.841,47.46,8.452,26
13,143,643.41,1594.085,1416.821,552.624,47.839,8.514,25
13,144,643.184,1591.341,1422.519,552.011,47.842,8.566,24
13,145,643.354,1596.683,1412.123,551.668,47.998,8.561,23
13,146,643.069,1597.666,1429.373,551.904,48.301,8.451,22
13,147,643.958,1588.935,1423.863,551.719,47.92,8.515,21
13,148,643.392,1599.761,1417.543,553.236,47.848,8.609,20
13,149,642.772,1591.371,1415.159,552.931,47.998,8.467,19
13,150,642.929,1588.542,1424.165,552.546,47.884,8.53,18
13,151,643.856,1588.151,1421.493,552.312,47.898,8.569,17
13,152,643.595,1594.735,1410.929,552.414,48.231,8.568,16
13,153,643.835,1592.382,1424.468,552.121,47.695,8.589,15
13,154,642.844,1594.03,1417.003,551.845,48.033,8.53,14
13,155,643.826,1593.203,1415.793,552.719,48.049,8.585,13
13,156,644.248,1598.654,1423.164,551.88,47.648,8.569,12
13,157,644.119,1594.548,1399.208,552.448,48.246,8.551,11
13,158,644.086,1595.72,1415.952,552.629,47.704,8.562,10
13,159,643.587,1589.985,1422.079,552.63,48.341,8.595,9
13,160,642.91,1588.021,1421.444,551.938,47.912,8.644,8
13,161,643.736,1595.613,1426.567,551.964,48.692,8.531,7
13,162,643.432,1589.751,1430.208,552.318,47.916,8.536,6
13,163,644.343,1595.048,1429.488,551.867,48.188,8.584,5
13,164,643.455,1593.104,1414.113,552.125,48.258,8.613,4
13,165,644.052,1593.247,1430.725,552.305,48.423,8.633,3
13,166,643.711,1595.391,1426.256,551.265,47.802,8.525,2
13,167,643.735,1592.586,1413.19,551.894,48.068,8.626,1
13,168,644.706,1595.826,1417.82,552.123,48.102,8.57,0
14,1,641.613,1583.147,1398.943,554.401,47.328,8.473,176
14,2,642.306,1586.708,1398.189,553.479,47.059,8.372,175
14,3,640.852,1580.985,1409.662,554.179,47.108,8.416,174
14,4,641.127,1586.159,1407.74,553.932,46.76,8.384,173
14,5,642.584,1586.077,1391.595,555.173,46.891,8.391,172
14,6,641.544,1580.912,1397.424,554.304,47.528,8.386,171
14,7,641.56,1586.985,1403.221,554.103,47.276,8.397,170
14,8,642.061,1584.36,1406.633,555.093,47.254,8.401,169
14,9,642.136,1582.472,1404.842,554.195,47.105,8.438,168
14,10,642.033,1581.241,1402.405,554.089,47.452,8.436,167
14,11,641.979,1583.251,1400.351,554.148,47.335,8.415,166
14,12,641.991,1589.146,1396.343,555.201,47.407,8.358,165
14,13,642.119,1588.27,1398.342,553.209,46.958,8.425,164
14,14,641.25,1579.403,1403.71,553.84,47.046,8.384,163
14,15,641.383,1587.16,1395.703,553.678,47.309,8.394,162
14,16,641.732,1577.287,1402.802,553.98,47.095,8.363,161
14,17,642.059,1587.19,1401.241,554.754,47.403,8.401,160
14,18,642.391,1585.487,1400.985,554.577,47.005,8.407,159
14,19,642.599,1586.552,1398.559,553.07,46.664,8.489,158
14,20,642.207,1583.006,1402.932,553.443,47.151,8.369,157
14,21,641.438,1576.948,1391.313,554.421,46.99,8.429,156
14,22,642.509,1585.461,1399.173,553.97,47.135,8.456,155
14,23,642.929,1591.221,1388.121,553.678,47.243,8.427,154
14,24,641.313,1578.476,1408.939,553.611,46.873,8.365,153
14,25,642.271,1582.188,1402.618,553.394,46.812,8.467,152
14,26,642.281,1584.172,1398.11,554.609,47.399,8.456,151
14,27,641.845,1585.739,1403.724,553.594,47.23,8.387,150
14,28,642.293,1580.281,1404.816,554.017,47.206,8.429,149
14,29,641.955,1582.916,1404.721,554.148,47.133,8.388,148
14,30,642.043,1583.42,1410.686,554.005,47.266,8.375,147
14,31,642.464,1583.213,1397.696,554.225,47.363,8.313,146
14,32,642.067,1586.194,1399.654,553.911,46.817,8.301,145
14,33,641.706,1586.854,1382.421,553.401,46.792,8.405,144
14,34,643.033,1584.889,1401.207,554.234,47.281,8.407,143
14,35,642.575,1587.679,1403.666,553.737,47.193,8.453,142
14,36,642.014,1590.751,1395.735,554.515,47.401,8.378,141
14,37,642.401,1583.259,1402.303,553.546,47.253,8.455,140
14,38,642.412,1581.394,1395.78,553.917,47.375,8.391,139
14,39,642.902,1589.185,1398.522,553.411,47.236,8.405,138
14,40,642.759,1589.905,1402.574,554.103,47.502,8.422,137
14,41,642.382,1588.38,1405.378,553.365,47.131,8.409,136
14,42,641.89,1580.148,1406.599,553.919,46.969,8.411,135
14,43,642.133,1586.805,1396.143,553.06,47.438,8.36,134
14,44,642.118,1584.811,1401.987,553.854,47.711,8.358,133
14,45,642.625,1576.105,1411.182,552.697,47.924,8.407,132
14,46,642.819,1590.529,1400.296,553.529,47.11,8.455,131
14,47,642.056,1582.956,1406.234,553.25,47.241,8.429,130
14,48,641.965,1584.305,1412.317,553.587,47.237,8.418,129
14,49,642.467,1582.175,1405.768,553.807,46.884,8.498,128
14,50,642.928,1583.149,1396.569,553.784,46.979,8.482,127
14,51,642.068,1592.879,1398.456,553.604,47.656,8.415,126
14,52,642.409,1590.804,1400.167,553.019,46.979,8.452,125
14,53,642.47,1590.721,1401.96,552.924,46.759,8.544,124
14,54,642.54,1587.064,1405.379,552.914,47.153,8.5,123
14,55,642.608,1583.505,1396.45,553.361,47.277,8.513,122
14,56,642.236,1581.843,1403.564,553.741,47.04,8.448,121
14,57,642.873,1587.199,1399.238,553.334,46.95,8.428,120
14,58,642.477,1583.102,1415.765,553.983,46.921,8.363,119
14,59,641.904,1593.025,1409.579,554.388,47.376,8.426,118
14,60,641.794,1588.175,1403.165,553.448,47.782,8.43,117
14,61,642.963,1580.469,1420.58,553.368,47.559,8.471,116
14,62,642.149,1590.142,1409.787,553.187,47.211,8.439,115
14,63,642.33,1592.484,1408.888,553.498,47.543,8.356,114
14,64,642.114,1588.108,1411.476,553.622,47.76,8.474,113
14,65,642.181,1586.443,1407.346,553.286,47.783,8.396,112
14,66,642.552,1589.991,1403.129,553.23,47.386,8.473,111
14,67,642.194,1582.82,1412.027,553.687,47.662,8.472,110
14,68,643.41,1591.603,1400.894,553.711,47.275,8.425,109
14,69,641.802,1586.046,1408.625,553.432,47.144,8.383,108
14,70,643.398,1588.539,1400.527,553.684,47.971,8.47,107
14,71,641.203,1597.896,1394.494,553.338,47.145,8.416,106
14,72,642.595,1579.051,1405.166,554.003,47.223,8.391,105
14,73,642.414,1586.03,1402.256,552.823,47.568,8.471,104
14,74,642.007,1583.724,1406.766,552.923,47.488,8.507,103
14,75,642.47,1582.628,1408.421,553.304,47.411,8.469,102
14,76,642.817,1587.674,1405.826,554.413,47.753,8.484,101
14,77,642.576,1583.559,1413.077,553.441,47.314,8.442,100
14,78,642.092,1591.862,1410.534,553.447,47.453,8.425,99
14,79,641.578,1582.032,1402.104,552.898,47.541,8.486,98
14,80,642.489,1593.37,1401.988,553.264,47.461,8.498,97
14,81,642.605,1588.32,1396.882,552.869,47.753,8.373,96
14,82,643.172,1589.837,1402.452,552.89,47.958,8.513,95
14,83,642.524,1588.428,1403.187,553.361,47.321,8.455,94
14,84,643.403,1587.56,1400.904,552.598,47.526,8.428,93
14,85,642.71,1581.517,1411.463,552.738,47.511,8.446,92
14,86,643.383,1588.734,1419.124,553.535,47.861,8.453,91
14,87,642.776,1592.976,1413.011,553.507,47.428,8.456,90
14,88,643.143,1593.539,1404.155,552.857,47.289,8.496,89
14,89,642.224,1591.479,1411.118,552.943,47.912,8.406,88
14,90,643.399,1589.539,1395.536,553.998,47.769,8.448,87
14,91,642.229,1582.041,1422.603,552.727,47.216,8.477,86
14,92,641.937,1584.446,1414.214,553.408,47.441,8.468,85
14,93,642.486,1588.18,1403.808,552.872,47.39,8.44,84
14,94,643.166,1591.564,1402.92,552.551,47.509,8.556,83
14,95,642.245,1587.894,1409.183,553.081,47.439,8.517,82
14,96,642.923,1591.978,1412.324,553.568,47.956,8.525,81
14,97,643.776,1593.521,1404.909,553.531,47.743,8.55,80
14,98,642.306,1590.94,1404.977,553.35,47.517,8.493,79
14,99,642.118,1591.938,1410.439,553.156,48.064,8.46,78
14,100,642.918,1589.223,1410.531,554.177,47.598,8.454,77
14,101,643.618,1587.649,1399.852,552.681,47.276,8.406,76
14,102,642.624,1588.656,1416.707,553.352,47.74,8.443,75
14,103,643.197,1594.56,1412.133,553.235,47.283,8.522,74
14,104,643.612,1590.345,1406.342,552.928,47.5,8.467,73
14,105,643.114,1590.23,1416.075,553.18,47.395,8.462,72
14,106,642.581,1588.425,1420.964,553.958,47.826,8.488,71
14,107,642.233,1590.11,1405.6,553.781,47.221,8.5,70
14,108,642.465,1589.252,1414.482,553.462,47.614,8.516,69
14,109,642.572,1590.331,1416.645,553.103,47.503,8.476,68
14,110,643.339,1585.042,1405.112,553.223,47.531,8.43,67
14,111,643.502,1585.071,1409.729,552.598,47.573,8.454,66
14,112,643.227,1589.973,1416.976,552.588,48.186,8.414,65
14,113,642.205,1596.603,1414.067,553.048,47.767,8.515,64
14,114,643.065,1585.788,1416.281,553.193,48.022,8.564,63
14,115,643.091,1584.803,1422.157,552.339,47.756,8.484,62
14,116,642.761,1592.832,1413.139,553.089,47.474,8.489,61
14,117,642.621,1589.041,1411.111,553.74,47.619,8.412,60
14,118,643.608,1591.696,1411.189,552.584,47.453,8.576,59
14,119,643.016,1583.01,1414.094,553.39,47.735,8.463,58
14,120,642.559,1586.355,1421.411,552.736,47.283,8.516,57
14,121,643.081,1588.291,1406.312,552.225,47.98,8.512,56
14,122,643.245,1591.129,1414.555,552.507,47.664,8.55,55
14,123,643.679,1585.325,1411.495,553.145,48.192,8.576,54
14,124,642.697,1595.378,1413.252,553.232,47.925,8.455,53
14,125,643.316,1594.364,1412.936,552.571,47.341,8.534,52
14,126,643.175,1586.717,1411.258,552.756,47.601,8.508,51
14,127,642.307,1595.868,1413.467,552.113,47.132,8.551,50
14,128,643.358,1591.377,1418.711,553.078,47.802,8.501,49
14,129,642.932,1592.283,1422.07,552.58,48.129,8.527,48
14,130,643.304,1600.285,1423.764,553.455,47.567,8.601,47
14,131,643.109,1589.82,1401.052,552.762,47.502,8.531,46
14,132,642.637,1597.987,1417.478,553.723,47.524,8.578,45
14,133,642.361,1591.694,1410.54,552.343,47.657,8.481,44
14,134,642.619,1589.159,1415.188,553.133,47.867,8.565,43
14,135,642.534,1589.263,1418.92,552.706,47.584,8.557,42
14,136,642.973,1587.952,1417.739,552.521,47.675,8.499,41
14,137,642.744,1589.546,1421.581,552.624,48.053,8.543,40
14,138,642.964,1584.599,1409.584,552.15,47.632,8.563,39
14,139,643.689,1600.111,1410.728,553.268,48.224,8.516,38
14,140,643.479,1596.294,1415.122,552.384,47.676,8.432,37
14,141,643.312,1588.56,1409.19,552.647,47.477,8.56,36
14,142,643.511,1589.866,1415.429,551.824,48.034,8.537,35
14,143,643.425,1593.543,1412.121,551.643,48.093,8.558,34
14,144,643.08,1593.241,1423.692,552.955,47.719,8.473,33
14,145,642.742,1590.426,1425.086,552.005,47.718,8.509,32
14,146,643.109,1591.697,1408.801,552.894,47.838,8.634,31
14,147,642.834,1598.171,1424.999,552.129,47.782,8.499,30
14,148,642.967,1591.879,1416.945,551.517,48.462,8.527,29
14,149,643.42,1589.446,1415.39,552.122,47.894,8.538,28
14,150,643.766,1592.93,1421.389,552.279,47.96,8.531,27
14,151,643.87,1593.382,1416.387,552.173,47.882,8.543,26
14,152,643.407,1589.927,1422.097,552.663,48.362,8.519,25
14,153,643.747,1584.596,1422.655,551.504,47.677,8.558,24
14,154,643.181,1589.271,1414.945,552.579,47.697,8.544,23
14,155,643.305,1595.655,1423.116,551.28,48.199,8.523,22
14,156,643.596,1588.691,1420.43,553.455,47.976,8.531,21
14,157,643.399,1586.642,1427.072,552.319,47.69,8.51,20
14,158,643.525,1596.318,1411.649,552.701,47.936,8.515,19
14,159,643.322,1599.657,1410.402,551.761,48.204,8.562,18
14,160,643.191,1596.594,1424.982,552.275,47.82,8.536,17
14,161,643.69,1587.56,1427.052,552.942,47.922,8.57,16
14,162,644.11,1600.703,1428.605,551.206,47.909,8.578,15
14,163,643.368,1600.085,1429.218,551.648,47.955,8.529,14
14,164,643.518,1592.125,1425.347,551.594,47.349,8.496,13
14,165,643.157,1590.478,1420.924,551.48,47.707,8.525,12
14,166,643.133,1590.956,1416.398,552.346,47.77,8.549,11
14,167,643.404,1596.484,1419.237,552.509,47.737,8.563,10
14,168,643.405,1588.418,1419.938,552.832,47.819,8.561,9
14,169,643.089,1587.56,1415.802,551.722,47.938,8.559,8
14,170,642.953,1590.968,1423.718,551.25,47.958,8.581,7
14,171,643.357,1594.912,1411.764,552.355,48.146,8.573,6
14,172,644.23,1592.304,1417.367,552.579,48.522,8.545,5
14,173,643.688,1597.877,1420.79,552.171,48.265,8.551,4
14,174,643.943,1593.747,1414.142,551.361,47.914,8.613,3
14,175,644.202,1596.848,1424.269,552.044,48.154,8.593,2
14,176,643.999,1588.306,1417.072,551.304,48.369,8.645,1
14,177,642.824,1600.259,1422.52,552.306,48.227,8.638,0
15,1,641.387,1584.582,1403.104,553.891,47.365,8.397,163
15,2,641.734,1580.668,1397.679,554.099,46.711,8.369,162
15,3,641.106,1582.554,1407.238,553.401,47.378,8.514,161
15,4,642.661,1585.568,1405.234,553.307,46.81,8.402,160
15,5,642.189,1589.426,1396.705,554.085,47.245,8.396,159
15,6,641.98,1581.644,1401.832,554.082,47.096,8.428,158
15,7,642.478,1587.789,1393.939,554.03,46.98,8.405,157
15,8,641.611,1590.206,1404.937,554.553,47.473,8.391,156
15,9,641.832,1592.083,1399.292,553.294,47.463,8.408,155
15,10,642.705,1586.107,1400.211,554.73,46.829,8.379,154
15,11,641.632,1576.376,1405.621,553.683,47.442,8.419,153
15,12,642.309,1583.357,1395.85,554.001,47.448,8.402,152
15,13,641.724,1580.405,1401.716,553.674,47.202,8.394,151
15,14,641.845,1586.4,1403.876,554.928,47.412,8.468,150
15,15,641.681,1578.845,1400.522,554.368,47.4,8.453,149
15,16,640.913,1590.286,1402.683,553.161,47.408,8.412,148
15,17,642.232,1589.297,1403.316,553.19,47.194,8.341,147
15,18,642.358,1590.919,1393.351,553.584,47.012,8.388,146
15,19,642.257,1583.583,1404.783,554.446,47.511,8.362,145
15,20,642.7,1591.248,1410.253,553.827,47.05,8.368,144
15,21,641.587,1585.459,1406.095,554.552,47.12,8.407,143
15,22,642.042,1582.901,1405.495,554.073,47.28,8.423,142
15,23,642.371,1587.894,1396.125,554.333,47.311,8.392,141
15,24,642.206,1586.882,1407.722,553.354,47.582,8.411,140
15,25,641.879,1583.389,1395.301,552.999,47.423,8.49,139
15,26,641.386,1581.766,1405.898,553.838,47.465,8.407,138
15,27,641.859,1584.698,1387.177,553.281,47.497,8.46,137
15,28,642.76,1587.398,1388.016,553.527,47.595,8.478,136
15,29,642.747,1584.724,1393.796,553.816,47.271,8.476,135
15,30,642.243,1585.771,1402.162,554.028,47.427,8.385,134
15,31,641.672,1591.222,1391.962,554.638,46.796,8.391,133
15,32,642.592,1585.777,1393.997,554.024,47.294,8.407,132
15,33,641.882,1585.674,1398.494,555.019,47.221,8.401,131
15,34,641.926,1592.957,1392.242,553.972,47.225,8.36,130
15,35,641.809,1587.155,1396.983,553.913,47.721,8.425,129
15,36,641.531,1582.538,1400.55,553.598,47.331,8.431,128
15,37,642.972,1585.95,1395.444,554.341,47.612,8.429,127
15,38,642.09,1588.494,1401.187,552.727,47.441,8.456,126
15,39,642.857,1583.121,1403.908,553.869,47.326,8.425,125
15,40,642.234,1586.931,1407.094,554.345,47.119,8.415,124
15,41,642.035,1583.862,1393.054,553.737,47.432,8.416,123
15,42,642.229,1587.84,1411.318,553.505,47.024,8.42,122
15,43,643.089,1581.565,1406.854,554.284,46.729,8.441,121
15,44,642.522,1585.181,1399.179,553.399,47.243,8.413,120
15,45,642.038,1584.916,1410.307,553.077,46.892,8.474,119
15,46,642.181,1584.784,1402.601,553.778,47.203,8.447,118
15,47,641.843,1585.173,1390.087,554.249,47.294,8.454,117
15,48,642.499,1588.624,1403.437,553.846,47.102,8.382,116
15,49,642.248,1583.751,1412.146,553.828,47.168,8.419,115
15,50,642.363,1586.243,1405.334,553.664,47.004,8.344,114
15,51,642.144,1588.803,1401.641,554.237,47.344,8.486,113
15,52,642.84,1590.812,1396.707,553.616,47.666,8.443,112
15,53,642.58,1581.102,1415.555,553.2,46.867,8.419,111
15,54,641.239,1582.36,1419.508,553.394,47.013,8.435,110
15,55,641.946,1590.206,1398.935,553.708,47.088,8.539,109
15,56,642.586,1586.214,1402.632,553.284,47.189,8.404,108
15,57,643.124,1584.634,1391.731,552.966,47.616,8.427,107
15,58,642.318,1591.572,1399.964,553.854,47.222,8.461,106
15,59,642.212,1585.976,1409.668,553.899,47.353,8.42,105
15,60,643.118,1589.349,1402.522,553.187,47.655,8.444,104
15,61,642.335,1587.502,1407.017,553.473,47.705,8.491,103
15,62,642.658,1592.591,1405.165,553.834,47.66,8.483,102
15,63,642.841,1589.668,1416.981,553.206,47.375,8.434,101
15,64,642.273,1579.239,1413.612,552.951,47.462,8.387,100
15,65,642.728,1584.104,1398.674,553.548,47.249,8.422,99
15,66,642.537,1590.498,1400.706,552.943,47.436,8.468,98
15,67,643.128,1583.065,1403.837,554.013,47.928,8.407,97
15,68,642.148,1588.927,1402.407,553.033,47.501,8.51,96
15,69,641.902,1593.449,1402.555,553.573,47.843,8.462,95
15,70,642.368,1590.382,1405.096,553.647,47.4,8.485,94
15,71,641.885,1583.51,1397.813,553.345,47.074,8.424,93
15,72,642.025,1593.537,1400.456,552.717,47.524,8.52,92
15,73,642.482,1587.518,1414.278,553.786,47.574,8.43,91
15,74,642.751,1582.285,1402.926,554.049,47.798,8.472,90
15,75,641.688,1582.95,1402.727,553.234,47.166,8.446,89
15,76,643.363,1589.443,1408.253,552.797,47.074,8.408,88
15,77,641.823,1588.196,1409.381,552.81,47.527,8.517,87
15,78,643.471,1591.034,1406.167,553.647,47.833,8.379,86
15,79,643.269,1585.831,1404.145,553.087,47.581,8.416,85
15,80,642.485,1590.167,1408.807,553.441,47.426,8.489,84
15,81,643.1,1592.11,1410.202,553.706,47.73,8.57,83
15,82,643.185,1587.827,1402.308,553.092,47.435,8.484,82
15,83,642.333,1593.009,1399.584,552.392,47.49,8.431,81
15,84,642.094,1585.751,1403.496,553.199,47.375,8.444,80
15,85,642.669,1592.415,1417.033,553.253,47.592,8.46,79
15,86,642.9,1589.979,1416.309,552.22,47.483,8.482,78
15,87,642.684,1584.721,1400.704,553.553,47.359,8.399,77
15,88,643.093,1590.373,1407.952,552.678,47.525,8.519,76
15,89,641.993,1582.342,1405.029,553.107,47.436,8.498,75
15,90,643.222,1589.774,1412.306,553.242,47.568,8.421,74
15,91,642.281,1583.316,1408.202,553.207,47.21,8.477,73
15,92,642.362,1584.505,1405.491,552.515,47.73,8.469,72
15,93,643.136,1587.069,1406.961,553.997,47.179,8.528,71
15,94,643.526,1591.969,1407.564,553.759,47.51,8.45,70
15,95,642.619,1586.687,1404.02,553.585,47.403,8.478,69
15,96,642.156,1589.154,1402.917,552.424,47.576,8.523,68
15,97,643.017,1591.13,1409.228,552.831,47.807,8.459,67
15,98,643.207,1594.101,1405.114,552.637,47.479,8.424,66
15,99,642.633,1594.427,1404.045,553.631,47.514,8.569,65
15,100,642.55,1588.709,1405.014,552.609,47.963,8.505,64
15,101,643.333,1584.087,1414.562,552.451,47.301,8.497,63
15,102,642.986,1589.628,1415.096,553.358,48.009,8.441,62
15,103,643.572,1597.009,1408.753,552.071,47.302,8.471,61
15,104,643.815,1589.613,1407.407,552.546,47.324,8.526,60
15,105,642.881,1598.01,1415.04,553.288,47.601,8.449,59
15,106,642.542,1584.2,1416.894,552.664,47.906,8.499,58
15,107,642.817,1585.065,1413.404,552.731,47.9,8.466,57
15,108,643.239,1596.373,1413.392,553.217,47.824,8.572,56
15,109,643.143,1592.676,1411.703,552.421,47.386,8.548,55
15,110,642.535,1592.927,1414.581,553.25,47.566,8.467,54
15,111,643.173,1588.842,1404.864,553.744,47.503,8.46,53
15,112,642.907,1595.091,1399.416,553.343,47.48,8.512,52
15,113,642.725,1598.115,1413.33,552.388,47.639,8.507,51
15,114,643.123,1591.971,1412.742,552.036,47.637,8.529,50
15,115,642.756,1592.976,1413.109,552.599,48.027,8.436,49
15,116,642.767,1595.284,1424.067,553.834,47.748,8.525,48
15,117,643.452,1595.523,1415.135,553.137,47.857,8.529,47
15,118,642.685,1589.176,1410.29,552.063,47.336,8.493,46
15,119,642.994,1590.983,1416.932,552.734,47.692,8.475,45
15,120,643.521,1590.226,1411.167,552.53,47.58,8.491,44
15,121,642.888,1589.554,1417.877,552.809,48.157,8.563,43
15,122,644.035,1593.011,1417.374,552.345,47.984,8.489,42
15,123,642.507,1596.951,1406.794,552.79,47.564,8.562,41
15,124,643.752,1593.034,1421.942,552.557,48.35,8.548,40
15,125,642.793,1591.267,1413.724,552.411,47.385,8.535,39
15,126,642.589,1580.959,1412.751,552.141,47.591,8.397,38
15,127,642.844,1590.439,1411.187,552.694,48.161,8.543,37
15,128,643.703,1595.642,1409.056,552.703,48.069,8.507,36
15,129,642.9,1593.4,1406.458,551.921,47.661,8.544,35
15,130,643.369,1595.481,1409.995,551.96,47.966,8.495,34
15,131,643.013,1583.998,1417.451,553.2,47.585,8.569,33
15,132,643.273,1584.437,1410.518,551.933,47.771,8.547,32
15,133,644.147,1585.848,1413.158,551.945,47.54,8.535,31
15,134,643.33,1584.392,1416.357,551.772,47.868,8.584,30
15,135,643.553,1592.432,1413.258,552.39,48.013,8.553,29
15,136,643.315,1592.666,1408.714,551.971,48.057,8.57,28
15,137,643.416,1597.787,1419.845,552.204,47.582,8.595,27
15,138,643.736,1599.14,1429.983,551.658,47.574,8.424,26
15,139,643.818,1594.649,1417.753,551.67,47.88,8.548,25
15,140,643.772,1593.19,1421.335,552.203,48.205,8.567,24
15,141,642.901,1597.732,1424.892,552.479,47.988,8.61,23
15,142,642.715,1597.216,1414.868,552.775,47.955,8.495,22
15,143,643.242,1596.415,1416.651,551.898,47.776,8.572,21
15,144,644.269,1583.841,1434.905,552.292,48.086,8.531,20
15,145,643.495,1593.252,1411.995,551.768,48.244,8.488,19
15,146,643.71,1591.078,1412.715,553.138,47.717,8.506,18
15,147,643.443,1589.563,1418.708,552.211,48.022,8.548,17
15,148,643.227,1595.289,1418.19,551.866,48.342,8.549,16
15,149,644.05,1597.701,1426.778,552.44,47.979,8.553,15
15,150,643.465,1584.205,1423.557,552.198,48.194,8.553,14
15,151,643.889,1587.441,1412.421,550.818,47.962,8.528,13
15,152,643.2,1594.369,1417.077,551.32,48.639,8.559,12
15,153,643.135,1590.431,1418.785,551.93,48.337,8.559,11
15,154,644.473,1591.46,1422.577,552.509,48.318,8.616,10
15,155,643.531,1593.247,1405.338,551.881,48.3,8.601,9
15,156,643.631,1600.146,1418.106,551.601,47.918,8.522,8
15,157,643.966,1594.584,1424.266,551.732,48.028,8.481,7
15,158,643.871,1593.906,1414.201,551.867,47.987,8.641,6
15,159,643.241,1594.917,1414.457,551.621,48.128,8.563,5
15,160,643.732,1595.004,1418.238,552.322,47.991,8.57,4
15,161,643.913,1594.662,1425.264,552.019,48.193,8.562,3
15,162,643.286,1588.125,1411.575,552.721,47.53,8.624,2
15,163,643.414,1598.664,1408.584,551.703,48.455,8.607,1
15,164,643.648,1586.228,1414.065,552.495,48.013,8.577,0
16,1,642.128,1579.791,1402.451,553.789,47.274,8.377,214
16,2,641.294,1583.299,1403.864,554.195,47.209,8.436,213
16,3,641.911,1585.24,1397.158,554.475,47.274,8.378,212
16,4,641.335,1589.443,1395.591,554.03,47.79,8.433,211
16,5,642.731,1582.879,1406.504,554.006,47.295,8.481,210
16,6,641.883,1585.119,1394.683,554.434,47.064,8.442,209
16,7,641.268,1587.247,1396.267,554.352,47.202,8.38,208
16,8,641.839,1581.663,1405.185,553.46,47.14,8.415,207
16,9,642.741,1585.04,1398.733,554.118,46.689,8.354,206
16,10,641.849,1582.238,1390.616,554.407,47.274,8.407,205
16,11,641.709,1585.422,1403.341,553.842,47.322,8.37,204
16,12,642.068,1589.689,1407.682,554.635,47.283,8.404,203
16,13,641.825,1577.904,1392.258,553.883,47.186,8.459,202
16,14,642.622,1582.404,1405.276,553.725,47.386,8.435,201
16,15,642.592,1583.195,1406.491,553.023,47.541,8.402,200
16,16,642.035,1577.033,1398.115,554.633,47.112,8.432,199
16,17,642.056,1589.451,1401.638,553.485,47.234,8.468,198
16,18,642.268,1584.752,1414.067,554.526,47.426,8.417,197
16,19,642.376,1588.287,1387.481,554.14,47.183,8.385,196
16,20,641.963,1579.032,1389.797,554.561,47.341,8.309,195
16,21,641.796,1588.797,1398.991,554.555,47.49,8.351,194
16,22,641.994,1583.502,1392.385,553.201,47.028,8.38,193
16,23,642.19,1589.492,1403.852,554.298,47.165,8.43,192
16,24,642.0,1583.57,1412.203,552.753,46.765,8.422,191
16,25,641.952,1579.609,1394.545,553.451,47.459,8.456,190
16,26,642.813,1579.022,1392.722,553.19,47.56,8.424,189
16,27,642.116,1586.319,1400.638,553.342,47.368,8.401,188
16,28,641.544,1587.72,1398.479,554.01,47.211,8.444,187
16,29,642.188,1581.911,1403.022,554.068,47.372,8.45,186
16,30,641.817,1588.141,1390.798,553.825,47.178,8.467,185
16,31,642.028,1587.925,1390.634,553.704,47.038,8.509,184
16,32,641.803,1585.81,1402.023,553.079,47.12,8.427,183
16,33,642.147,1576.34,1397.921,554.378,47.401,8.46,182
16,34,641.67,1590.69,1401.117,554.658,47.257,8.329,181
16,35,642.5,1583.817,1399.188,553.129,47.665,8.391,180
16,36,642.832,1583.892,1395.941,554.509,47.243,8.41,179
16,37,641.552,1583.812,1404.143,553.193,47.129,8.396,178
16,38,642.164,1591.587,1399.835,553.491,47.953,8.396,177
16,39,642.053,1584.264,1400.039,553.869,47.5,8.43,176
16,40,642.629,1589.898,1403.017,554.012,47.549,8.37,175
16,41,643.274,1583.699,1399.726,553.211,46.979,8.454,174
16,42,643.177,1583.508,1403.983,553.92,47.528,8.504,173
16,43,642.845,1584.85,1405.14,554.117,47.275,8.372,172
16,44,641.807,1590.426,1409.545,553.693,47.349,8.465,171
16,45,641.405,1584.076,1414.214,553.939,47.004,8.422,170
16,46,642.638,1575.705,1403.235,553.596,46.879,8.421,169
16,47,642.123,1585.824,1400.159,553.264,46.928,8.391,168
16,48,642.577,1586.882,1401.906,553.248,47.201,8.448,167
16,49,642.423,1584.07,1386.725,553.423,47.177,8.383,166
16,50,642.016,1589.276,1402.244,554.248,46.924,8.408,165
16,51,641.335,1584.333,1396.268,554.386,47.406,8.461,164
16,52,642.021,1581.992,1396.307,553.871,47.76,8.438,163
16,53,642.052,1585.346,1402.505,554.744,47.619,8.432,162
16,54,642.276,1587.33,1405.735,553.516,47.102,8.464,161
16,55,642.243,1589.959,1412.723,553.976,47.406,8.551,160
16,56,642.332,1581.834,1401.237,554.483,46.996,8.394,159
16,57,642.744,1585.142,1402.342,554.236,47.144,8.366,158
16,58,641.627,1588.588,1404.637,553.345,47.036,8.414,157
16,59,642.761,1582.951,1399.186,553.088,47.238,8.439,156
16,60,643.217,1587.198,1402.921,554.107,47.507,8.403,155
16,61,643.308,1586.263,1404.743,553.943,47.422,8.488,154
16,62,642.013,1589.527,1404.394,554.151,47.286,8.414,153
16,63,642.615,1587.86,1398.568,554.324,47.526,8.426,152
16,64,642.082,1587.918,1407.536,552.846,47.44,8.455,151
16,65,641.241,1587.281,1407.825,553.925,47.55,8.417,150
16,66,641.838,1579.332,1410.295,553.977,47.645,8.402,149
16,67,642.675,1580.555,1398.61,553.68,47.522,8.498,148
16,68,642.212,1583.138,1398.41,553.265,47.915,8.462,147
16,69,642.828,1585.68,1403.99,553.95,47.237,8.421,146
16,70,642.031,1584.882,1404.381,553.18,47.439,8.445,145
16,71,642.261,1583.398,1404.805,553.33,47.382,8.478,144
16,72,641.785,1595.438,1403.828,553.78,47.186,8.481,143
16,73,642.3,1585.204,1400.9,553.43,47.483,8.443,142
16,74,642.346,1583.972,1399.827,553.325,47.497,8.463,141
16,75,642.73,1586.848,1406.834,553.463,46.95,8.428,140
16,76,642.209,1582.735,1401.219,553.605,47.106,8.409,139
16,77,643.082,1580.518,1403.616,552.945,47.205,8.431,138
16,78,641.949,1589.262,1412.914,553.94,47.653,8.384,137
16,79,642.292,1588.874,1410.127,554.387,47.668,8.476,136
16,80,643.594,1587.428,1403.259,553.589,47.176,8.444,135
16,81,641.639,1584.963,1404.395,553.966,47.686,8.403,134
16,82,643.358,1587.713,1406.622,552.673,47.257,8.484,133
16,83,642.508,1587.59,1406.64,552.751,47.392,8.5,132
16,84,642.929,1586.697,1414.755,552.833,47.177,8.519,131
16,85,642.708,1586.082,1405.137,553.05,47.493,8.453,130
16,86,642.464,1582.638,1407.154,553.179,47.181,8.496,129
16,87,643.44,1595.087,1409.564,553.301,47.414,8.463,128
16,88,642.282,1592.632,1393.547,553.276,47.636,8.413,127
16,89,642.371,1589.772,1414.969,552.767,47.098,8.41,126
16,90,641.796,1581.572,1400.122,554.021,47.366,8.45,125
16,91,642.066,1590.012,1417.313,552.95,47.879,8.464,124
16,92,642.511,1589.12,1408.501,554.313,47.582,8.472,123
16,93,642.322,1590.917,1400.518,553.429,48.177,8.351,122
16,94,642.625,1588.688,1404.991,553.262,47.483,8.442,121
16,95,642.629,1585.693,1418.596,553.228,47.607,8.426,120
16,96,642.957,1590.619,1409.08,552.83,47.28,8.521,119
16,97,642.202,1590.291,1400.999,553.838,47.301,8.416,118
16,98,642.233,1585.554,1409.198,553.358,47.203,8.454,117
16,99,642.048,1590.386,1411.836,553.301,47.549,8.526,116
16,100,642.5,1584.078,1410.454,552.736,47.433,8.433,115
16,101,642.264,1586.897,1412.483,553.844,47.721,8.471,114
16,102,642.472,1578.51,1409.395,552.141,47.013,8.452,113
16,103,642.716,1586.18,1416.508,553.502,47.436,8.515,112
16,104,643.31,1590.078,1402.75,552.985,47.141,8.459,111
16,105,642.142,1586.755,1409.072,552.257,47.191,8.441,110
16,106,642.599,1586.14,1405.993,552.885,47.149,8.441,109
16,107,642.536,1586.918,1408.395,553.437,47.686,8.438,108
16,108,641.932,1593.291,1410.145,552.739,47.59,8.507,107
16,109,643.428,1589.251,1414.3,552.601,47.516,8.452,106
16,110,642.813,1594.738,1409.55,552.726,47.214,8.532,105
16,111,642.899,1590.131,1406.099,553.318,47.287,8.482,104
16,112,642.148,1586.947,1404.414,551.544,47.452,8.432,103
16,113,642.591,1588.436,1418.99,553.314,47.626,8.488,102
16,114,643.087,1590.292,1410.184,553.506,46.941,8.553,101
16,115,643.42,1589.389,1400.128,553.745,47.379,8.492,100
16,116,642.136,1597.472,1400.065,553.163,47.026,8.47,99
16,117,642.531,1593.162,1406.279,553.686,47.305,8.461,98
16,118,642.614,1590.642,1411.155,553.467,47.633,8.5,97
16,119,642.337,1590.261,1418.708,552.254,47.693,8.501,96
16,120,643.408,1591.657,1409.775,553.298,47.392,8.46,95
16,121,642.159,1594.748,1411.989,552.613,47.648,8.522,94
16,122,643.216,1585.136,1390.601,553.257,47.363,8.502,93
16,123,643.207,1593.349,1419.988,553.666,48.027,8.533,92
16,124,643.448,1588.779,1401.9,554.278,47.61,8.528,91
16,125,642.55,1592.845,1395.083,552.819,47.574,8.498,90
16,126,643.29,1584.661,1413.83,553.626,48.19,8.509,89
16,127,642.61,1583.999,1420.963,553.37,47.603,8.417,88
16,128,642.408,1591.66,1412.229,552.016,47.772,8.42,87
16,129,643.446,1590.017,1407.444,553.473,47.707,8.537,86
16,130,642.883,1589.787,1408.632,553.097,48.048,8.465,85
16,131,643.148,1585.759,1398.063,553.057,47.721,8.481,84
16,132,642.193,1590.547,1412.181,552.497,47.295,8.476,83
16,133,643.17,1591.045,1405.419,552.998,47.86,8.441,82
16,134,642.914,1594.787,1403.175,553.495,48.048,8.48,81
16,135,642.741,1593.61,1409.829,551.729,47.623,8.508,80
16,136,643.239,1586.005,1409.449,553.382,47.638,8.429,79
16,137,643.473,1588.721,1417.738,552.183,47.628,8.512,78
16,138,642.886,1584.896,1396.992,553.63,47.725,8.539,77
16,139,643.354,1592.066,1409.508,553.101,48.026,8.497,76
16,140,643.802,1583.731,1401.919,553.338,47.468,8.576,75
16,141,643.558,1596.13,1416.991,552.371,47.263,8.555,74
16,142,642.291,1596.17,1415.826,552.781,47.794,8.515,73
16,143,642.885,1595.585,1420.282,552.884,47.538,8.55,72
16,144,642.076,1591.709,1416.496,552.38,47.937,8.498,71
16,145,642.751,1593.838,1405.671,553.216,47.203,8.511,70
16,146,643.027,1587.878,1414.649,552.729,47.967,8.523,69
16,147,643.221,1591.256,1409.605,552.605,47.771,8.495,68
16,148,643.528,1590.514,1414.821,552.042,47.95,8.48,67
16,149,642.569,1596.777,1416.878,553.219,47.833,8.5,66
16,150,642.923,1593.361,1419.616,552.684,48.243,8.497,65
16,151,642.432,1583.411,1402.822,552.498,47.672,8.533,64
16,152,643.057,1593.723,1413.347,552.699,47.591,8.564,63
16,153,642.391,1591.608,1412.117,553.07,47.735,8.508,62
16,154,642.971,1596.029,1413.351,553.651,47.814,8.51,61
16,155,643.036,1592.766,1409.936,552.726,47.753,8.523,60
16,156,643.27,1592.171,1414.167,553.425,47.862,8.615,59
16,157,643.146,1594.452,1409.372,553.328,47.586,8.531,58
16,158,643.015,1592.478,1412.451,552.219,47.699,8.575,57
16,159,643.355,1585.568,1420.564,552.155,47.958,8.537,56
16,160,643.433,1598.191,1409.152,552.893,48.093,8.49,55
16,161,642.831,1589.683,1416.205,551.869,47.921,8.46,54
16,162,643.759,1592.942,1425.868,552.895,47.712,8.486,53
16,163,643.296,1590.82,1421.64,552.083,48.299,8.57,52
16,164,643.108,1598.187,1409.958,552.637,47.48,8.594,51
16,165,642.469,1585.289,1410.982,553.182,48.044,8.526,50
16,166,643.68,1590.644,1417.46,553.333,47.749,8.491,49
16,167,643.444,1594.122,1415.723,552.996,47.766,8.528,48
16,168,643.412,1592.366,1424.876,552.665,47.746,8.545,47
16,169,643.708,1594.369,1419.645,551.718,47.204,8.576,46
16,170,643.463,1591.242,1419.634,553.417,48.186,8.565,45
16,171,642.878,1588.357,1401.286,552.756,48.116,8.575,44
16,172,643.592,1590.824,1412.356,552.013,47.803,8.49,43
16,173,644.089,1586.287,1414.697,551.444,47.924,8.53,42
16,174,643.15,1587.821,1416.032,552.126,47.821,8.609,41
16,175,643.399,1593.741,1413.369,551.992,47.855,8.632,40
16,176,643.204,1593.112,1411.324,550.993,47.669,8.629,39
16,177,643.612,1598.286,1414.347,551.178,47.595,8.55,38
16,178,643.463,1591.738,1413.391,552.813,47.753,8.548,37
16,179,643.455,1590.363,1411.425,552.115,48.352,8.581,36
16,180,643.838,1588.748,1408.227,552.863,48.116,8.543,35
16,181,643.224,1586.096,1422.198,552.894,47.725,8.509,34
16,182,643.96,1589.442,1427.809,552.232,47.804,8.542,33
16,183,643.24,1596.572,1422.591,552.816,47.953,8.523,32
16,184,643.421,1590.423,1426.217,552.759,47.89,8.505,31
16,185,644.13,1592.73,1416.779,553.019,47.791,8.531,30
16,186,643.345,1586.976,1419.597,551.849,47.782,8.517,29
16,187,643.196,1588.945,1419.329,552.138,47.942,8.64,28
16,188,643.402,1594.779,1422.301,552.17,48.004,8.548,27
16,189,643.575,1590.072,1415.167,552.195,47.449,8.608,26
16,190,644.468,1593.158,1422.269,552.713,47.617,8.587,25
16,191,643.315,1601.699,1417.292,552.612,47.909,8.639,24
16,192,643.288,1597.256,1422.326,552.346,48.017,8.525,23
16,193,642.367,1596.952,1415.778,552.714,48.053,8.601,22
16,194,643.904,1582.855,1422.546,551.942,48.263,8.578,21
16,195,643.826,1591.685,1413.527,551.883,47.527,8.532,20
16,196,642.908,1587.083,1419.848,552.352,47.975,8.537,19
16,197,643.152,1591.625,1414.363,552.039,47.609,8.586,18
16,198,643.336,1594.459,1424.766,552.22,48.195,8.476,17
16,199,643.381,1597.427,1422.646,552.965,48.428,8.572,16
16,200,643.502,1589.241,1416.883,551.822,47.859,8.525,15
16,201,643.808,1599.922,1425.486,551.85,48.267,8.577,14
16,202,643.621,1592.784,1418.835,552.322,48.055,8.535,13
16,203,643.302,1594.481,1422.756,551.825,47.743,8.615,12
16,204,644.131,1585.369,1428.371,551.862,48.079,8.612,11
16,205,644.42,1597.391,1421.929,551.264,47.531,8.603,10
16,206,644.292,1590.182,1419.014,551.658,47.898,8.612,9
16,207,643.799,1592.586,1436.729,551.204,48.187,8.528,8
16,208,643.642,1594.159,1426.002,551.776,47.965,8.56,7
16,209,643.239,1596.155,1422.774,552.109,48.045,8.565,6
16,210,644.267,1597.775,1429.726,552.063,48.407,8.557,5
16,211,643.66,1598.53,1426.449,551.716,47.813,8.567,4
16,212,643.454,1600.71,1426.101,551.463,47.82,8.545,3
16,213,643.523,1593.208,1428.381,551.347,48.66,8.54,2
16,214,643.153,1600.691,1429.774,551.724,48.189,8.595,1
16,215,643.862,1588.814,1407.108,551.378,48.554,8.654,0
17,1,641.57,1586.116,1402.643,554.299,46.569,8.526,176
17,2,642.512,1584.219,1395.716,554.491,47.325,8.404,175
17,3,642.21,1584.569,1402.46,554.358,47.288,8.412,174
17,4,642.633,1578.642,1395.287,554.006,47.021,8.385,173
17,5,642.588,1584.447,1389.129,553.778,47.219,8.402,172
17,6,642.261,1586.954,1399.304,553.39,47.095,8.376,171
17,7,641.886,1587.835,1402.598,554.395,47.111,8.462,170
17,8,642.32,1585.535,1403.831,553.641,46.681,8.377,169
17,9,642.357,1585.424,1399.431,553.551,46.721,8.459,168
17,10,641.931,1583.403,1396.266,554.598,47.432,8.364,167
17,11,642.552,1584.559,1396.678,553.819,47.018,8.35,166
17,12,642.381,1584.276,1404.092,554.105,47.353,8.321,165
17,13,641.646,1587.457,1392.789,554.143,46.87,8.404,164
17,14,642.765,1588.299,1389.385,554.375,47.676,8.516,163
17,15,642.258,1579.764,1403.151,554.744,47.175,8.446,162
17,16,641.671,1586.734,1385.66,553.465,47.223,8.39,161
17,17,641.468,1583.269,1402.633,553.891,47.242,8.435,160
17,18,641.904,1590.729,1394.778,554.893,47.507,8.392,159
17,19,641.933,1586.143,1404.366,554.47,46.897,8.424,158
17,20,641.116,1584.633,1409.559,553.208,46.834,8.416,157
17,21,642.698,1586.669,1389.471,553.069,47.261,8.36,156
17,22,642.14,1586.178,1398.025,554.811,47.387,8.456,155
17,23,642.499,1584.821,1399.864,553.748,47.412,8.382,154
17,24,642.866,1582.466,1402.385,553.776,47.132,8.496,153
17,25,641.898,1584.259,1397.183,553.904,47.222,8.365,152
17,26,641.91,1587.945,1407.4,553.888,47.265,8.396,151
17,27,641.881,1581.858,1391.971,553.518,47.48,8.394,150
17,28,641.958,1584.104,1408.852,553.397,47.326,8.409,149
17,29,642.15,1586.574,1401.802,554.251,47.252,8.482,148
17,30,642.146,1578.814,1405.365,554.043,47.271,8.402,147
17,31,641.18,1577.872,1411.498,553.546,47.507,8.349,146
17,32,641.667,1588.406,1401.076,554.1,47.266,8.406,145
17,33,641.839,1580.949,1410.187,554.607,47.013,8.37,144
17,34,641.995,1587.119,1400.761,554.065,47.263,8.411,143
17,35,643.244,1583.691,1411.774,554.53,47.405,8.339,142
17,36,642.179,1583.767,1402.139,553.267,47.472,8.456,141
17,37,642.699,1584.331,1395.746,553.966,47.725,8.42,140
17,38,642.383,1584.956,1399.168,554.11,47.263,8.434,139
17,39,642.415,1587.321,1405.623,553.346,47.065,8.417,138
17,40,642.185,1583.878,1403.809,554.218,47.594,8.476,137
17,41,641.609,1581.351,1400.715,553.795,47.241,8.398,136
17,42,642.071,1587.974,1394.565,554.917,47.309,8.463,135
17,43,641.955,1588.375,1403.235,554.165,47.258,8.484,134
17,44,641.552,1589.913,1403.439,553.218,47.8,8.496,133
17,45,641.298,1586.861,1407.054,553.939,47.694,8.475,132
17,46,642.358,1595.301,1408.536,553.533,47.181,8.474,131
17,47,641.889,1584.593,1401.573,553.877,47.275,8.372,130
17,48,642.777,1584.653,1415.226,553.841,47.644,8.451,129
17,49,642.854,1588.592,1404.615,554.226,47.953,8.415,128
17,50,642.628,1586.33,1406.339,553.691,46.796,8.419,127
17,51,642.728,1583.331,1408.928,553.752,47.291,8.464,126
17,52,642.593,1588.115,1409.599,553.751,46.932,8.414,125
17,53,641.483,1589.104,1408.982,554.11,47.47,8.468,124
17,54,641.594,1586.086,1395.218,553.45,47.756,8.474,123
17,55,642.61,1585.832,1397.849,553.712,47.634,8.448,122
17,56,641.607,1587.02,1392.435,554.011,47.187,8.383,121
17,57,642.697,1588.882,1405.415,554.694,47.523,8.407,120
17,58,642.571,1585.544,1411.727,553.728,47.464,8.376,119
17,59,642.374,1586.507,1398.089,553.466,47.482,8.434,118
17,60,641.72,1585.683,1401.534,553.663,47.399,8.419,117
17,61,642.161,1587.09,1410.229,553.694,47.738,8.482,116
17,62,643.047,1592.34,1413.939,552.967,47.548,8.486,115
17,63,643.012,1583.828,1408.616,553.57,47.853,8.383,114
17,64,642.045,1579.714,1405.651,554.654,47.385,8.443,113
17,65,642.648,1586.538,1407.092,553.707,47.189,8.436,112
17,66,642.744,1590.764,1412.8,553.667,47.494,8.471,111
17,67,642.152,1584.553,1404.375,552.85,47.511,8.484,110
17,68,642.109,1588.884,1401.464,552.968,47.928,8.403,109
17,69,641.862,1588.049,1406.966,553.798,47.919,8.413,108
17,70,642.187,1593.674,1411.106,553.853,47.276,8.49,107
17,71,642.819,1588.045,1402.08,553.494,47.841,8.402,106
17,72,642.107,1584.824,1403.243,553.421,47.673,8.465,105
17,73,642.504,1588.492,1409.571,552.576,47.706,8.415,104
17,74,642.287,1588.795,1405.495,553.649,47.479,8.437,103
17,75,643.184,1590.315,1407.881,553.739,47.272,8.537,102
17,76,642.017,1587.985,1404.471,553.219,47.34,8.42,101
17,77,643.051,1582.764,1412.214,553.693,47.363,8.473,100
17,78,642.456,1583.229,1399.893,553.684,47.614,8.462,99
17,79,642.361,1586.922,1404.607,552.471,47.484,8.475,98
17,80,642.577,1594.811,1400.658,553.001,47.507,8.464,97
17,81,641.702,1590.197,1408.301,552.259,47.449,8.423,96
17,82,642.364,1582.486,1409.434,554.187,47.55,8.37,95
17,83,642.707,1587.111,1400.458,553.47,47.709,8.431,94
17,84,641.849,1579.896,1403.198,553.203,47.365,8.432,93
17,85,642.855,1589.846,1408.519,553.676,47.335,8.416,92
17,86,642.375,1585.683,1395.143,552.982,47.781,8.493,91
17,87,642.857,1588.628,1416.275,552.712,47.269,8.507,90
17,88,642.643,1585.47,1411.024,553.01,47.306,8.428,89
17,89,642.786,1589.032,1416.945,553.071,47.444,8.522,88
17,90,643.096,1588.843,1398.611,552.796,47.263,8.467,87
17,91,642.435,1594.729,1398.681,552.608,47.593,8.487,86
17,92,641.51,1581.431,1406.663,553.854,48.009,8.451,85
17,93,642.609,1585.08,1412.178,553.926,47.857,8.467,84
17,94,642.319,1588.516,1416.799,552.948,47.094,8.455,83
17,95,642.582,1581.254,1410.043,553.388,48.019,8.417,82
17,96,643.048,1592.462,1411.905,552.618,47.293,8.476,81
17,97,642.771,1586.414,1416.675,552.907,47.092,8.464,80
17,98,642.958,1590.076,1411.069,553.841,47.292,8.457,79
17,99,643.448,1580.895,1408.881,553.694,47.88,8.502,78
17,100,643.073,1584.658,1417.582,552.466,47.297,8.492,77
17,101,642.554,1589.706,1412.068,553.941,47.696,8.453,76
17,102,643.092,1585.61,1415.103,553.07,47.694,8.408,75
17,103,641.786,1582.99,1420.241,552.449,47.783,8.454,74
17,104,642.703,1588.875,1419.771,553.301,47.702,8.533,73
17,105,642.537,1593.385,1415.46,553.44,47.572,8.465,72
17,106,642.443,1585.942,1404.694,553.164,47.56,8.501,71
17,107,643.066,1584.991,1403.802,552.852,47.429,8.449,70
17,108,643.621,1583.156,1422.624,553.096,47.876,8.521,69
17,109,643.147,1595.997,1404.137,552.859,47.422,8.419,68
17,110,642.584,1596.9,1409.738,553.914,48.162,8.608,67
17,111,643.751,1598.902,1412.877,553.022,47.721,8.489,66
17,112,642.973,1592.539,1408.279,552.204,47.744,8.463,65
17,113,642.653,1589.02,1408.989,553.433,47.617,8.538,64
17,114,643.023,1589.298,1412.321,552.217,47.75,8.527,63
17,115,643.389,1584.305,1402.408,552.579,48.018,8.503,62
17,116,642.606,1583.963,1407.568,552.457,47.911,8.536,61
17,117,642.495,1592.85,1415.728,552.228,47.663,8.51,60
17,118,643.053,1583.057,1412.762,553.121,48.085,8.471,59
17,119,642.747,1589.126,1413.875,552.836,47.847,8.454,58
17,120,643.183,1587.055,1411.421,553.626,47.353,8.489,57
17,121,642.444,1590.699,1418.724,552.841,47.68,8.555,56
17,122,643.179,1593.428,1416.881,551.303,47.696,8.46,55
17,123,642.67,1596.112,1410.496,553.672,47.369,8.461,54
17,124,643.399,1588.912,1414.744,552.654,47.692,8.493,53
17,125,643.149,1592.908,1422.743,552.593,47.636,8.486,52
17,126,643.743,1593.167,1401.819,551.707,47.533,8.517,51
17,127,643.079,1592.529,1412.318,553.362,47.94,8.513,50
17,128,643.622,1583.939,1413.019,552.716,47.904,8.442,49
17,129,643.003,1592.202,1416.551,553.224,47.95,8.51,48
17,130,643.437,1589.86,1414.728,553.013,47.755,8.528,47
17,131,643.579,1593.579,1421.409,553.763,47.949,8.496,46
17,132,643.39,1592.671,1417.85,553.331,47.359,8.576,45
17,133,644.005,1593.134,1417.883,552.446,47.788,8.545,44
17,134,643.471,1593.811,1418.252,553.0,47.99,8.478,43
17,135,643.574,1598.429,1414.494,553.284,47.57,8.519,42
17,136,642.924,1596.579,1424.66,552.469,48.099,8.587,41
17,137,643.211,1591.648,1419.383,552.081,47.84,8.608,40
17,138,643.014,1594.611,1418.288,552.404,47.875,8.594,39
17,139,643.502,1594.103,1424.916,552.324,47.565,8.596,38
17,140,643.328,1594.905,1410.902,552.647,47.559,8.529,37
17,141,642.988,1587.888,1413.823,551.289,47.55,8.559,36
17,142,643.45,1587.17,1419.096,551.98,48.027,8.525,35
17,143,643.161,1591.171,1431.333,552.023,47.91,8.562,34
17,144,642.888,1585.227,1412.537,552.765,47.775,8.523,33
17,145,643.744,1588.448,1415.78,551.612,47.948,8.543,32
17,146,643.706,1587.161,1415.33,551.713,47.813,8.594,31
17,147,643.218,1586.348,1412.572,551.529,47.557,8.563,30
17,148,642.725,1593.131,1416.976,552.052,47.945,8.5,29
17,149,643.769,1589.158,1414.674,552.048,48.067,8.561,28
17,150,642.225,1593.038,1406.696,552.113,47.875,8.526,27
17,151,643.644,1594.972,1412.694,551.862,47.9,8.48,26
17,152,643.218,1597.555,1408.47,552.079,47.768,8.623,25
17,153,643.205,1590.314,1411.496,552.237,47.991,8.509,24
17,154,643.906,1593.388,1422.966,552.05,47.991,8.538,23
17,155,644.131,1592.84,1418.081,551.968,47.809,8.557,22
17,156,643.858,1589.709,1418.963,552.272,48.034,8.481,21
17,157,643.088,1587.055,1418.576,551.712,47.828,8.503,20
17,158,643.337,1588.094,1423.102,552.384,47.997,8.54,19
17,159,642.616,1590.83,1414.162,552.251,48.121,8.566,18
17,160,644.115,1590.462,1415.249,552.628,48.015,8.545,17
17,161,644.392,1595.119,1417.942,551.748,48.312,8.564,16
17,162,643.587,1595.586,1424.544,552.349,48.209,8.576,15
17,163,643.84,1590.027,1430.304,551.439,48.073,8.506,14
17,164,643.561,1590.742,1420.436,552.209,47.764,8.559,13
17,165,644.247,1587.851,1414.677,552.45,48.029,8.568,12
17,166,644.095,1589.998,1416.865,551.681,47.93,8.617,11
17,167,642.884,1588.471,1411.968,552.685,47.871,8.552,10
17,168,642.938,1592.273,1425.543,552.092,48.005,8.504,9
17,169,643.532,1593.984,1414.575,552.275,48.261,8.547,8
17,170,644.021,1593.032,1427.591,552.946,47.774,8.6,7
17,171,644.296,1589.664,1417.44,551.618,48.021,8.557,6
17,172,643.635,1596.973,1409.7,551.406,48.23,8.595,5
17,173,643.263,1595.935,1429.22,551.85,47.818,8.609,4
17,174,644.53,1590.228,1421.679,552.401,48.106,8.506,3
17,175,643.969,1589.933,1414.004,550.973,48.382,8.544,2
17,176,643.935,1596.24,1422.785,551.967,48.188,8.584,1
17,177,643.458,1590.603,1421.37,551.737,48.207,8.624,0
18,1,642.156,1581.76,1386.923,553.615,46.864,8.371,171
18,2,642.111,1585.349,1411.177,554.239,47.678,8.429,170
18,3,642.493,1583.585,1393.604,553.77,47.199,8.375,169
18,4,641.556,1586.699,1394.046,553.225,46.923,8.391,168
18,5,641.563,1584.132,1403.712,554.276,47.039,8.349,167
18,6,641.753,1587.681,1405.479,554.162,47.506,8.47,166
18,7,641.797,1591.02,1398.617,554.492,47.385,8.322,165
18,8,641.583,1580.205,1389.528,554.418,47.726,8.391,164
18,9,642.406,1591.046,1401.513,553.961,47.149,8.424,163
18,10,642.419,1586.973,1402.873,553.944,46.814,8.438,162
18,11,641.451,1587.623,1404.89,553.394,47.063,8.488,161
18,12,641.997,1580.285,1405.211,553.573,46.736,8.424,160
18,13,641.625,1586.472,1395.581,554.308,47.265,8.3,159
18,14,642.214,1584.05,1409.011,554.147,47.41,8.376,158
18,15,641.691,1585.129,1398.403,554.612,47.185,8.356,157
18,16,641.679,1589.116,1399.621,553.827,47.491,8.369,156
18,17,641.05,1581.868,1402.136,553.807,46.838,8.446,155
18,18,642.135,1586.861,1403.262,553.276,47.306,8.442,154
18,19,642.579,1588.215,1403.886,553.051,47.229,8.368,153
18,20,642.648,1589.878,1395.169,553.89,47.298,8.443,152
18,21,641.323,1576.545,1401.167,552.64,47.278,8.431,151
18,22,642.639,1582.921,1401.973,554.225,46.947,8.445,150
18,23,642.211,1583.018,1401.924,553.823,47.439,8.394,149
18,24,642.196,1582.985,1395.52,553.971,47.023,8.441,148
18,25,642.366,1582.438,1402.502,553.493,46.849,8.386,147
18,26,642.083,1587.615,1402.19,554.325,47.008,8.396,146
18,27,642.852,1577.835,1398.657,553.327,47.207,8.394,145
18,28,642.389,1586.613,1393.611,553.561,47.259,8.441,144
18,29,643.219,1588.434,1395.448,553.801,47.308,8.392,143
18,30,642.343,1576.57,1404.921,553.602,47.238,8.472,142
18,31,641.57,1586.78,1406.447,553.917,46.865,8.468,141
18,32,642.049,1583.612,1399.903,553.632,46.975,8.421,140
18,33,641.883,1588.44,1404.954,554.628,47.223,8.383,139
18,34,641.497,1594.564,1405.906,553.46,47.702,8.47,138
18,35,641.557,1582.812,1401.225,553.263,47.258,8.445,137
18,36,641.554,1587.034,1409.118,553.989,47.267,8.391,136
18,37,642.553,1581.19,1403.652,553.793,47.571,8.395,135
18,38,641.963,1580.967,1404.908,553.56,47.078,8.388,134
18,39,642.436,1581.56,1396.29,554.211,47.256,8.458,133
18,40,642.04,1586.005,1403.405,554.447,47.627,8.466,132
18,41,641.927,1582.1,1407.125,554.432,47.595,8.421,131
18,42,642.545,1589.068,1403.548,553.831,47.333,8.39,130
18,43,641.916,1583.319,1393.155,553.796,47.302,8.453,129
18,44,642.8,1591.462,1411.357,553.337,46.958,8.461,128
18,45,642.863,1592.428,1405.854,552.707,47.412,8.446,127
18,46,642.812,1591.963,1408.501,553.402,47.067,8.446,126
18,47,641.901,1592.186,1392.915,553.969,47.408,8.417,125
18,48,641.849,1578.08,1400.055,553.419,47.611,8.395,124
18,49,642.477,1581.2,1406.227,552.547,47.861,8.422,123
18,50,641.025,1583.54,1398.194,553.327,47.25,8.402,122
18,51,641.923,1581.818,1408.483,554.245,47.282,8.428,121
18,52,641.792,1586.78,1405.037,553.525,47.449,8.442,120
18,53,641.834,1591.312,1402.517,554.461,47.459,8.51,119
18,54,642.846,1587.492,1399.531,553.262,47.492,8.437,118
18,55,642.06,1589.96,1404.211,554.022,47.119,8.473,117
18,56,642.56,1591.462,1409.952,553.549,47.326,8.505,116
18,57,642.213,1589.711,1401.909,552.649,47.065,8.451,115
18,58,642.668,1588.399,1411.184,553.765,47.182,8.459,114
18,59,642.438,1584.506,1407.255,553.598,47.23,8.429,113
18,60,643.007,1592.378,1405.662,553.575,47.027,8.506,112
18,61,642.847,1589.909,1390.998,553.556,47.358,8.465,111
18,62,642.187,1586.021,1408.478,553.137,47.251,8.447,110
18,63,643.001,1590.229,1411.329,553.544,47.773,8.37,109
18,64,643.319,1595.65,1407.733,553.917,47.395,8.432,108
18,65,642.143,1586.895,1408.447,553.699,47.906,8.446,107
18,66,641.758,1593.717,1397.904,553.197,47.482,8.459,106
18,67,641.787,1584.202,1396.464,553.776,47.715,8.395,105
18,68,642.895,1590.96,1401.514,552.462,47.156,8.421,104
18,69,643.151,1586.814,1399.549,553.515,47.105,8.466,103
18,70,642.027,1584.007,1407.965,554.304,47.983,8.405,102
18,71,642.209,1589.449,1412.847,552.334,47.461,8.428,101
18,72,641.622,1582.089,1402.552,553.434,47.696,8.463,100
18,73,642.924,1587.595,1401.853,553.3,47.623,8.491,99
18,74,642.441,1583.823,1408.222,553.618,47.762,8.424,98
18,75,642.218,1590.616,1403.89,553.142,47.773,8.397,97
18,76,643.454,1585.193,1411.662,553.299,47.532,8.442,96
18,77,642.925,1586.306,1403.152,554.248,47.477,8.427,95
18,78,641.879,1595.211,1403.407,554.359,47.575,8.461,94
18,79,642.637,1596.665,1393.695,553.422,47.414,8.448,93
18,80,642.638,1586.79,1408.107,553.29,47.157,8.472,92
18,81,642.904,1585.74,1418.317,553.957,47.702,8.491,91
18,82,642.606,1592.528,1416.666,553.68,47.354,8.458,90
18,83,642.862,1591.368,1406.91,552.979,47.898,8.417,89
18,84,642.191,1582.763,1401.847,553.873,47.827,8.458,88
18,85,642.849,1588.085,1400.491,554.345,47.856,8.477,87
18,86,642.251,1587.282,1403.624,553.271,47.596,8.45,86
18,87,641.993,1596.766,1409.339,553.437,47.418,8.402,85
18,88,642.621,1587.001,1412.308,553.648,47.721,8.505,84
18,89,643.482,1589.909,1414.784,553.428,47.06,8.461,83
18,90,642.291,1589.332,1403.581,553.47,47.786,8.516,82
18,91,643.421,1581.759,1401.272,554.617,47.799,8.478,81
18,92,642.719,1588.293,1397.004,552.753,47.524,8.442,80
18,93,642.452,1598.813,1407.237,553.264,47.618,8.495,79
18,94,642.512,1593.624,1411.55,552.468,47.537,8.466,78
18,95,642.641,1590.732,1412.839,553.355,47.654,8.477,77
18,96,641.783,1591.864,1412.104,552.59,47.645,8.501,76
18,97,643.289,1590.853,1411.247,553.542,47.505,8.493,75
18,98,642.495,1593.312,1399.803,553.462,47.591,8.516,74
18,99,642.435,1589.29,1409.971,553.256,47.331,8.504,73
18,100,641.967,1586.318,1400.376,553.439,47.699,8.498,72
18,101,643.473,1587.786,1413.557,553.043,47.583,8.533,71
18,102,643.759,1587.384,1415.049,553.155,47.694,8.492,70
18,103,642.684,1574.831,1419.404,552.633,47.557,8.475,69
18,104,642.494,1590.193,1410.078,552.607,47.66,8.483,68
18,105,643.276,1583.931,1405.661,553.313,47.469,8.45,67
18,106,642.605,1588.95,1410.061,552.831,47.378,8.518,66
18,107,643.48,1581.774,1401.473,553.422,48.034,8.403,65
18,108,643.263,1596.03,1405.772,553.695,47.603,8.502,64
18,109,642.584,1593.544,1416.105,553.752,48.014,8.49,63
18,110,644.319,1595.006,1414.495,552.376,47.278,8.434,62
18,111,642.513,1595.175,1414.328,552.553,47.633,8.483,61
18,112,643.306,1586.214,1413.658,552.994,47.461,8.558,60
18,113,642.826,1585.822,1416.832,552.856,47.781,8.448,59
18,114,643.337,1598.546,1404.294,552.99,47.489,8.605,58
18,115,643.542,1591.049,1404.66,552.304,47.879,8.444,57
18,116,642.398,1590.02,1412.985,552.972,47.589,8.536,56
18,117,642.622,1592.556,1413.627,553.066,48.0,8.483,55
18,118,642.725,1583.361,1400.387,552.662,47.685,8.459,54
18,119,642.644,1596.273,1417.916,552.103,47.607,8.52,53
18,120,642.767,1587.01,1410.791,553.263,48.02,8.475,52
18,121,643.269,1590.285,1406.932,552.553,47.415,8.553,51
18,122,643.774,1588.734,1409.248,553.213,48.042,8.463,50
18,123,643.022,1590.207,1408.68,552.863,47.569,8.487,49
18,124,643.056,1584.553,1401.128,553.112,47.566,8.596,48
18,125,644.003,1588.55,1427.664,553.106,47.596,8.408,47
18,126,643.438,1590.768,1416.382,552.506,47.478,8.496,46
18,127,643.46,1589.293,1411.796,551.844,47.794,8.47,45
18,128,643.569,1587.841,1412.349,553.67,47.701,8.498,44
18,129,643.433,1583.705,1421.794,553.068,47.916,8.382,43
18,130,643.066,1585.822,1421.201,553.081,47.888,8.47,42
18,131,643.869,1589.933,1425.455,552.67,47.925,8.501,41
18,132,643.843,1593.485,1423.448,552.61,47.793,8.545,40
18,133,643.873,1595.187,1415.789,551.575,48.015,8.465,39
18,134,643.254,1590.726,1406.622,552.673,48.357,8.511,38
18,135,643.596,1600.681,1420.474,552.148,47.885,8.544,37
18,136,643.911,1596.184,1398.849,552.025,47.815,8.486,36
18,137,641.615,1588.495,1415.617,552.173,47.591,8.53,35
18,138,643.448,1589.594,1424.041,552.448,47.629,8.484,34
18,139,643.212,1595.992,1411.041,552.7,47.877,8.61,33
18,140,643.497,1588.816,1420.574,552.769,47.762,8.486,32
18,141,643.577,1591.934,1407.23,552.494,47.709,8.473,31
18,142,643.192,1596.883,1423.751,552.823,47.942,8.559,30
18,143,643.409,1587.402,1411.245,552.029,48.233,8.58,29
18,144,642.893,1592.108,1414.437,552.237,47.755,8.594,28
18,145,643.385,1592.831,1418.374,551.783,47.924,8.582,27
18,146,644.07,1587.447,1408.094,552.311,48.181,8.555,26
18,147,643.728,1586.67,1413.95,551.164,47.875,8.456,25
18,148,644.036,1598.403,1418.404,551.488,48.012,8.618,24
18,149,643.665,1596.996,1414.827,551.791,47.908,8.468,23
18,150,644.485,1592.888,1423.118,551.978,47.547,8.604,22
18,151,642.975,1593.798,1420.755,552.227,47.744,8.542,21
18,152,643.068,1595.714,1421.706,552.162,47.806,8.634,20
18,153,642.924,1586.372,1417.965,552.025,48.229,8.577,19
18,154,643.538,1594.626,1421.532,553.188,48.026,8.525,18
18,155,643.629,1582.225,1418.624,552.664,48.12,8.566,17
18,156,643.847,1597.187,1427.554,552.323,47.898,8.463,16
18,157,644.01,1594.91,1420.102,551.737,48.226,8.547,15
18,158,643.569,1592.7,1422.068,551.489,48.133,8.53,14
18,159,643.291,1596.54,1413.583,552.486,48.025,8.494,13
18,160,644.229,1594.316,1422.103,552.53,48.382,8.57,12
18,161,643.908,1594.635,1417.866,551.216,48.069,8.618,11
18,162,643.908,1588.957,1426.695,551.834,47.5,8.605,10
18,163,643.235,1600.426,1427.183,551.856,48.145,8.663,9
18,164,644.126,1594.332,1437.818,552.01,48.183,8.53,8
18,165,642.938,1592.305,1420.901,552.098,47.691,8.596,7
18,166,643.333,1595.968,1426.468,551.716,47.812,8.632,6
18,167,644.115,1594.218,1429.858,551.937,47.906,8.532,5
18,168,643.689,1596.775,1429.576,551.888,48.372,8.565,4
18,169,643.401,1588.54,1418.389,551.223,48.579,8.593,3
18,170,643.726,1600.731,1413.804,551.77,48.584,8.571,2
18,171,644.885,1597.064,1429.644,552.487,48.093,8.559,1
18,172,643.748,1590.052,1421.604,551.798,48.522,8.604,0
19,1,641.029,1580.135,1397.875,554.745,47.173,8.341,204
19,2,641.891,1580.218,1391.659,554.997,47.113,8.407,203
19,3,641.961,1584.01,1394.995,553.841,47.286,8.457,202
19,4,642.431,1580.148,1405.991,554.232,47.046,8.408,201
19,5,642.264,1585.222,1402.965,553.56,47.702,8.324,200
19,6,642.269,1586.512,1403.968,553.635,47.497,8.397,199
19,7,641.478,1580.678,1400.887,553.188,47.656,8.443,198
19,8,642.836,1591.955,1398.058,553.548,46.537,8.385,197
19,9,642.811,1581.771,1398.943,553.702,47.302,8.453,196
19,10,641.327,1579.706,1409.157,554.343,47.145,8.47,195
19,11,641.408,1588.837,1399.864,554.276,46.614,8.392,194
19,12,642.357,1584.874,1407.843,554.58,46.973,8.436,193
19,13,641.582,1585.36,1404.288,553.547,47.411,8.383,192
19,14,641.771,1587.987,1395.377,553.517,47.476,8.408,191
19,15,641.381,1588.601,1397.996,553.255,46.591,8.44,190
19,16,641.652,1580.221,1404.316,554.355,47.023,8.44,189
19,17,642.968,1590.602,1407.672,554.105,47.111,8.402,188
19,18,642.245,1580.204,1395.956,553.229,47.282,8.408,187
19,19,641.757,1588.536,1394.353,553.593,47.421,8.442,186
19,20,641.697,1586.202,1395.998,553.834,47.263,8.428,185
19,21,642.202,1586.388,1394.25,554.122,47.367,8.433,184
19,22,641.739,1588.979,1392.87,553.707,47.163,8.356,183
19,23,641.937,1586.224,1389.872,553.72,46.797,8.488,182
19,24,642.168,1585.864,1402.274,554.214,47.481,8.345,181
19,25,642.666,1590.367,1400.539,553.847,46.463,8.358,180
19,26,642.315,1590.209,1405.367,553.863,47.722,8.448,179
19,27,641.909,1594.159,1394.475,553.159,47.138,8.378,178
19,28,641.927,1588.647,1400.907,553.885,47.26,8.317,177
19,29,641.414,1583.938,1396.113,553.767,47.599,8.407,176
19,30,641.506,1582.331,1411.495,554.643,47.399,8.348,175
19,31,642.244,1587.064,1401.447,553.586,47.162,8.385,174
19,32,641.596,1591.019,1406.651,553.722,47.344,8.427,173
19,33,643.171,1589.072,1406.43,553.877,47.15,8.467,172
19,34,642.415,1582.29,1404.209,554.27,46.737,8.375,171
19,35,642.29,1577.937,1390.955,553.71,47.386,8.434,170
19,36,642.845,1585.991,1399.383,553.184,47.17,8.442,169
19,37,642.477,1586.749,1404.97,554.469,47.288,8.468,168
19,38,641.817,1585.425,1398.871,554.221,47.018,8.401,167
19,39,641.313,1588.124,1409.306,554.273,47.478,8.449,166
19,40,642.47,1588.233,1405.97,553.483,47.228,8.418,165
19,41,642.01,1579.54,1394.558,553.918,47.507,8.416,164
19,42,643.411,1582.156,1404.71,554.442,47.55,8.443,163
19,43,642.655,1586.086,1412.091,554.43,47.073,8.43,162
19,44,641.483,1591.982,1403.533,554.456,47.262,8.344,161
19,45,643.372,1586.45,1396.261,554.347,47.802,8.41,160
19,46,642.147,1586.909,1395.673,553.421,47.741,8.414,159
19,47,641.821,1584.18,1408.852,552.771,47.362,8.518,158
19,48,643.118,1588.313,1410.391,554.404,47.271,8.457,157
19,49,643.015,1580.997,1406.031,553.924,47.331,8.422,156
19,50,642.321,1587.346,1409.362,553.973,47.264,8.388,155
19,51,642.011,1587.161,1398.493,554.2,47.419,8.468,154
19,52,641.942,1582.826,1409.627,553.784,47.264,8.451,153
19,53,642.534,1581.16,1411.2,553.506,47.743,8.37,152
19,54,642.386,1585.474,1391.123,554.032,46.841,8.413,151
19,55,642.747,1584.131,1397.635,554.094,47.263,8.409,150
19,56,642.831,1581.616,1400.383,554.119,47.021,8.497,149
19,57,642.166,1589.818,1408.46,553.601,47.212,8.425,148
19,58,642.592,1582.409,1396.091,554.411,47.152,8.441,147
19,59,642.187,1585.758,1411.979,553.618,47.25,8.417,146
19,60,642.058,1583.745,1400.487,554.483,47.52,8.415,145
19,61,642.734,1580.112,1411.825,554.29,47.905,8.47,144
19,62,642.496,1591.661,1399.904,553.436,47.334,8.485,143
19,63,641.922,1582.685,1405.167,553.984,47.178,8.457,142
19,64,642.93,1591.372,1405.957,553.571,47.791,8.432,141
19,65,642.745,1594.44,1408.94,553.109,47.051,8.42,140
19,66,642.648,1588.423,1417.261,553.816,47.283,8.388,139
19,67,642.868,1586.657,1395.074,553.6,47.119,8.417,138
19,68,642.347,1583.099,1401.277,553.208,47.193,8.394,137
19,69,642.134,1583.179,1407.816,553.671,47.674,8.511,136
19,70,642.664,1588.594,1408.832,553.794,47.392,8.435,135
19,71,641.907,1590.19,1404.296,554.276,47.612,8.412,134
19,72,642.936,1576.63,1416.161,552.873,47.511,8.455,133
19,73,642.888,1585.598,1391.802,553.369,47.336,8.356,132
19,74,642.411,1582.649,1408.666,553.4,47.885,8.429,131
19,75,642.592,1586.139,1395.129,553.411,47.588,8.464,130
19,76,642.274,1581.205,1408.833,553.713,47.614,8.43,129
19,77,641.656,1589.207,1405.01,554.189,47.414,8.44,128
19,78,642.61,1584.725,1401.293,553.435,47.181,8.433,127
19,79,643.303,1591.324,1407.111,554.25,47.209,8.543,126
19,80,642.232,1595.209,1417.36,552.587,47.786,8.433,125
19,81,642.191,1589.334,1399.417,553.705,47.188,8.452,124
19,82,643.056,1588.823,1403.407,553.714,47.076,8.412,123
19,83,642.27,1590.466,1408.103,553.701,47.425,8.415,122
19,84,643.142,1584.569,1408.285,553.367,47.577,8.423,121
19,85,642.954,1592.916,1411.822,553.491,47.332,8.561,120
19,86,642.043,1590.97,1407.974,553.371,47.491,8.429,119
19,87,642.69,1588.756,1422.148,553.927,47.578,8.473,118
19,88,643.334,1583.65,1405.091,552.428,47.593,8.485,117
19,89,642.067,1593.315,1401.98,553.199,47.487,8.515,116
19,90,642.137,1588.783,1411.049,553.644,47.613,8.483,115
19,91,642.283,1594.413,1405.84,553.227,47.803,8.428,114
19,92,642.685,1584.814,1421.73,554.493,47.443,8.475,113
19,93,642.552,1586.356,1407.44,553.307,47.095,8.466,112
19,94,642.54,1589.043,1406.366,553.137,47.698,8.477,111
19,95,643.196,1589.818,1405.755,553.614,46.989,8.541,110
19,96,642.7,1596.622,1401.834,552.736,47.58,8.472,109
19,97,642.738,1588.673,1403.392,552.541,47.564,8.407,108
19,98,641.975,1586.452,1409.856,554.267,47.742,8.517,107
19,99,642.898,1589.488,1422.418,552.6,47.399,8.447,106
19,100,643.015,1584.151,1412.076,553.54,47.71,8.493,105
19,101,643.315,1587.916,1410.789,552.871,47.27,8.533,104
19,102,642.266,1590.724,1410.908,553.815,47.101,8.499,103
19,103,642.615,1585.806,1406.33,553.735,47.703,8.459,102
19,104,642.138,1583.978,1412.468,552.566,47.496,8.572,101
19,105,642.867,1591.268,1401.698,552.58,47.729,8.455,100
19,106,643.197,1588.919,1429.518,552.946,47.632,8.435,99
19,107,643.188,1590.556,1403.129,553.062,47.907,8.522,98
19,108,642.097,1586.978,1419.941,553.125,47.615,8.514,97
19,109,642.143,1585.131,1407.187,553.799,47.829,8.503,96
19,110,642.69,1593.456,1408.331,553.474,47.807,8.543,95
19,111,642.737,1587.535,1417.136,553.859,47.448,8.432,94
19,112,643.32,1582.468,1399.327,553.027,47.589,8.43,93
19,113,642.836,1589.749,1406.121,554.116,47.676,8.519,92
19,114,642.091,1582.873,1411.884,554.015,47.321,8.48,91
19,115,642.2,1585.907,1410.402,552.829,47.252,8.423,90
19,116,641.917,1590.737,1412.95,553.36,47.356,8.517,89
19,117,643.094,1588.91,1408.545,552.727,47.636,8.542,88
19,118,643.298,1587.906,1412.839,552.489,47.776,8.445,87
19,119,643.107,1600.857,1406.31,554.488,47.721,8.45,86
19,120,642.448,1598.491,1412.811,552.732,47.552,8.498,85
19,121,642.812,1590.465,1420.618,552.438,47.769,8.479,84
19,122,642.602,1593.421,1401.332,551.807,47.669,8.477,83
19,123,642.228,1582.341,1421.808,553.209,47.623,8.571,82
19,124,643.307,1596.311,1403.27,552.356,47.778,8.501,81
19,125,643.419,1582.762,1414.697,553.447,47.863,8.469,80
19,126,643.101,1586.234,1408.843,552.418,47.444,8.477,79
19,127,642.657,1586.353,1402.93,553.908,47.514,8.501,78
19,128,642.097,1594.871,1411.857,552.693,47.535,8.524,77
19,129,641.57,1586.196,1410.267,552.837,48.276,8.476,76
19,130,643.355,1596.792,1415.134,552.552,47.333,8.521,75
19,131,643.66,1591.781,1418.639,554.172,47.869,8.448,74
19,132,642.953,1595.131,1409.875,553.616,47.648,8.506,73
19,133,642.783,1590.341,1412.771,552.046,47.56,8.445,72
19,134,642.768,1586.576,1417.697,553.349,47.816,8.444,71
19,135,642.918,1584.421,1410.873,553.148,47.929,8.515,70
19,136,643.539,1590.902,1410.486,553.248,47.913,8.476,69
19,137,643.154,1588.74,1399.968,553.018,47.368,8.511,68
19,138,642.303,1587.092,1409.549,553.386,47.564,8.456,67
19,139,643.169,1589.157,1417.027,552.266,47.755,8.599,66
19,140,642.908,1590.826,1402.45,552.332,47.823,8.488,65
19,141,643.303,1591.834,1404.641,553.253,47.403,8.472,64
19,142,643.141,1596.457,1406.66,552.806,47.758,8.53,63
19,143,643.582,1588.627,1418.888,553.383,48.17,8.525,62
19,144,643.131,1588.4,1404.198,552.566,47.758,8.502,61
19,145,643.34,1584.537,1411.995,553.689,47.984,8.532,60
19,146,643.258,1588.948,1402.698,552.906,47.129,8.495,59
19,147,643.091,1588.676,1426.387,553.576,48.005,8.472,58
19,148,643.969,1592.997,1407.843,552.667,47.992,8.486,57
19,149,643.179,1591.843,1407.027,552.502,47.501,8.546,56
19,150,642.718,1591.8,1405.429,552.056,47.468,8.501,55
19,151,643.219,1592.149,1403.274,552.525,47.581,8.535,54
19,152,643.029,1590.423,1409.576,553.458,47.454,8.499,53
19,153,643.209,1589.798,1409.601,551.676,47.607,8.478,52
19,154,643.928,1599.919,1414.02,551.865,47.971,8.478,51
19,155,642.936,1588.402,1411.461,552.376,47.463,8.49,50
19,156,643.654,1590.84,1415.356,551.423,48.034,8.492,49
19,157,643.712,1591.649,1411.373,551.687,48.347,8.553,48
19,158,643.606,1598.365,1416.231,553.188,47.689,8.551,47
19,159,642.946,1589.132,1415.61,551.864,47.897,8.51,46
19,160,642.347,1589.375,1413.099,552.909,47.892,8.582,45
19,161,643.487,1589.048,1414.962,552.295,47.948,8.528,44
19,162,642.982,1591.357,1418.222,551.951,47.911,8.463,43
19,163,643.774,1593.49,1425.374,551.882,48.121,8.565,42
19,164,643.206,1589.933,1409.231,551.753,47.656,8.479,41
19,165,644.018,1585.491,1416.779,552.629,47.939,8.548,40
19,166,643.737,1589.774,1416.556,552.25,48.181,8.615,39
19,167,642.786,1583.493,1419.591,552.918,48.351,8.562,38
19,168,643.963,1598.317,1425.11,552.808,47.547,8.533,37
19,169,643.482,1591.337,1416.239,553.137,47.684,8.567,36
19,170,643.502,1588.366,1410.154,551.488,48.001,8.533,35
19,171,643.0,1584.352,1419.357,552.237,47.707,8.499,34
19,172,643.276,1593.797,1414.928,551.715,47.877,8.58,33
19,173,643.414,1592.251,1415.101,551.85,47.667,8.473,32
19,174,643.939,1593.888,1417.698,552.427,47.989,8.511,31
19,175,643.273,1590.202,1432.421,552.775,47.952,8.597,30
19,176,643.99,1586.637,1416.164,552.242,48.069,8.534,29
19,177,643.4,1590.375,1423.944,551.513,47.815,8.471,28
19,178,642.993,1593.551,1419.817,552.063,48.209,8.6,27
19,179,643.438,1593.345,1415.235,552.518,47.636,8.619,26
19,180,643.994,1587.609,1413.367,552.401,47.856,8.57,25
19,181,643.332,1598.566,1418.302,553.385,48.097,8.495,24
19,182,644.445,1596.923,1420.684,552.483,47.656,8.478,23
19,183,643.499,1598.106,1420.93,552.999,48.289,8.553,22
19,184,644.063,1598.744,1418.227,552.022,48.0,8.457,21
19,185,643.669,1595.597,1419.727,552.286,47.961,8.474,20
19,186,644.304,1591.307,1415.307,552.778,48.222,8.566,19
19,187,643.914,1588.221,1418.682,552.731,47.815,8.517,18
19,188,643.616,1593.312,1423.206,551.379,47.353,8.595,17
19,189,643.106,1590.527,1406.376,552.564,48.084,8.572,16
19,190,643.743,1584.79,1413.719,551.811,47.816,8.55,15
19,191,643.73,1597.12,1410.904,552.017,48.187,8.525,14
19,192,643.545,1595.024,1420.008,552.343,48.039,8.551,13
19,193,643.117,1594.21,1420.697,551.494,48.168,8.615,12
19,194,643.36,1590.375,1415.668,551.135,48.53,8.548,11
19,195,643.284,1588.842,1418.082,551.611,48.394,8.517,10
19,196,642.99,1595.621,1419.924,551.832,48.181,8.574,9
19,197,643.675,1587.856,1410.716,551.577,47.777,8.58,8
19,198,642.899,1591.754,1419.844,551.892,48.154,8.558,7
19,199,643.421,1598.586,1419.121,552.605,47.979,8.572,6
19,200,643.672,1594.598,1418.681,551.928,48.45,8.615,5
19,201,644.223,1588.37,1414.279,551.973,48.266,8.554,4
19,202,643.447,1599.379,1425.634,552.377,47.97,8.555,3
19,203,644.201,1592.818,1418.014,551.376,47.959,8.612,2
19,204,643.107,1596.45,1417.59,551.711,48.057,8.57,1
19,205,643.671,1592.223,1418.571,552.46,48.106,8.575,0
20,1,641.711,1583.372,1396.162,554.382,47.012,8.31,178
20,2,642.028,1583.893,1396.511,554.453,46.518,8.463,177
20,3,642.479,1582.507,1397.343,554.247,47.335,8.375,176
20,4,641.278,1593.485,1405.81,554.071,47.247,8.425,175
20,5,642.342,1576.697,1397.997,553.762,47.164,8.432,174
20,6,641.206,1579.659,1396.045,554.064,47.414,8.466,173
20,7,641.885,1588.392,1404.431,554.254,47.201,8.385,172
20,8,641.538,1580.559,1402.29,553.952,47.105,8.428,171
20,9,641.93,1581.449,1398.649,554.386,46.954,8.41,170
20,10,641.999,1582.076,1398.53,553.185,47.239,8.348,169
20,11,642.51,1584.769,1396.904,554.547,46.956,8.373,168
20,12,641.208,1590.394,1411.619,553.125,47.012,8.406,167
20,13,641.803,1585.051,1399.725,554.161,46.977,8.411,166
20,14,641.537,1583.549,1390.061,553.75,47.077,8.442,165
20,15,642.017,1585.708,1400.399,552.882,46.723,8.392,164
20,16,642.173,1584.301,1395.404,553.821,47.142,8.436,163
20,17,642.378,1583.05,1400.344,554.074,47.333,8.471,162
20,18,642.045,1589.962,1393.741,553.611,46.695,8.412,161
20,19,642.354,1575.09,1401.891,554.226,47.368,8.358,160
20,20,642.415,1585.373,1404.368,553.855,47.329,8.451,159
20,21,641.981,1586.498,1408.383,553.845,46.955,8.434,158
20,22,642.723,1590.543,1405.238,552.733,47.08,8.384,157
20,23,642.103,1592.168,1394.53,555.02,47.146,8.378,156
20,24,642.469,1589.139,1404.98,553.507,47.37,8.367,155
20,25,641.735,1585.09,1396.229,554.412,47.102,8.401,154
20,26,641.704,1589.649,1397.221,554.449,47.517,8.392,153
20,27,642.119,1583.632,1404.563,553.774,47.148,8.412,152
20,28,641.399,1585.253,1405.259,553.933,47.494,8.396,151
20,29,641.911,1581.118,1399.0,554.839,47.328,8.388,150
20,30,641.671,1579.223,1396.527,554.229,47.155,8.374,149
20,31,641.748,1588.247,1401.098,553.528,47.188,8.501,148
20,32,642.685,1591.555,1391.15,553.758,47.107,8.435,147
20,33,642.619,1587.018,1396.507,553.495,47.426,8.443,146
20,34,642.212,1586.264,1402.122,553.952,47.453,8.44,145
20,35,642.166,1585.582,1401.378,553.42,47.08,8.437,144
20,36,641.842,1589.067,1401.676,554.211,47.44,8.45,143
20,37,641.955,1587.481,1406.495,553.018,47.71,8.508,142
20,38,642.602,1589.104,1405.684,553.623,47.26,8.456,141
20,39,641.745,1581.672,1399.853,554.104,47.075,8.409,140
20,40,642.142,1581.903,1387.685,553.254,47.36,8.438,139
20,41,642.42,1588.425,1398.653,553.339,47.392,8.411,138
20,42,642.613,1587.548,1410.203,553.517,47.569,8.502,137
20,43,642.236,1588.057,1397.007,554.188,47.588,8.401,136
20,44,642.483,1587.219,1405.026,554.138,47.439,8.416,135
20,45,642.602,1590.582,1399.448,553.722,46.871,8.446,134
20,46,642.785,1585.143,1403.667,553.603,47.221,8.433,133
20,47,641.889,1585.27,1397.533,553.999,47.381,8.407,132
20,48,642.267,1585.367,1409.918,553.474,47.484,8.397,131
20,49,642.624,1590.438,1409.658,554.42,47.402,8.475,130
20,50,642.997,1581.84,1399.628,552.927,47.598,8.366,129
20,51,641.473,1581.979,1392.916,553.802,47.066,8.36,128
20,52,642.263,1586.478,1392.226,553.299,47.322,8.414,127
20,53,642.142,1591.167,1416.424,553.489,47.015,8.42,126
20,54,642.386,1586.278,1407.309,554.741,46.921,8.41,125
20,55,643.0,1584.445,1408.484,553.941,47.663,8.507,124
20,56,642.465,1579.592,1399.647,554.708,47.004,8.451,123
20,57,641.192,1581.212,1409.275,553.623,47.268,8.4,122
20,58,641.434,1589.434,1402.359,552.833,47.374,8.456,121
20,59,642.25,1587.167,1404.392,553.23,47.384,8.463,120
20,60,642.815,1589.91,1400.219,553.891,47.491,8.407,119
20,61,642.149,1589.509,1412.638,552.657,47.789,8.482,118
20,62,642.457,1585.872,1406.827,553.231,47.339,8.378,117
20,63,641.592,1596.208,1404.972,553.642,47.38,8.404,116
20,64,642.247,1587.289,1403.524,553.154,47.512,8.446,115
20,65,642.571,1589.79,1403.791,553.434,47.768,8.402,114
20,66,641.56,1589.237,1401.149,552.969,47.623,8.435,113
20,67,641.844,1594.801,1395.374,553.453,46.934,8.452,112
20,68,642.133,1590.384,1405.047,554.16,47.303,8.378,111
20,69,642.538,1586.144,1394.35,552.946,47.231,8.505,110
20,70,642.759,1585.81,1408.205,552.442,47.279,8.46,109
20,71,642.524,1585.091,1405.266,553.619,47.422,8.479,108
20,72,642.603,1589.341,1415.894,553.853,47.865,8.419,107
20,73,641.752,1586.783,1404.376,554.157,47.152,8.444,106
20,74,642.661,1587.793,1404.819,553.595,47.709,8.509,105
20,75,642.503,1584.178,1415.174,552.865,47.892,8.503,104
20,76,643.168,1590.231,1393.412,552.872,47.526,8.423,103
20,77,642.366,1589.99,1405.187,552.77,47.675,8.471,102
20,78,642.406,1590.434,1406.899,554.033,47.497,8.505,101
20,79,641.685,1589.476,1404.063,552.925,47.754,8.488,100
20,80,641.635,1590.551,1410.138,552.981,47.26,8.39,99
20,81,642.396,1587.03,1411.479,553.465,47.209,8.464,98
20,82,642.444,1584.051,1397.284,553.63,47.591,8.478,97
20,83,642.241,1588.526,1398.694,552.812,47.493,8.467,96
20,84,641.846,1583.663,1404.88,553.772,47.286,8.463,95
20,85,642.699,1586.946,1408.807,552.608,47.331,8.516,94
20,86,643.277,1591.369,1413.929,552.354,47.263,8.447,93
20,87,643.697,1586.797,1411.924,553.444,47.594,8.46,92
20,88,642.08,1577.298,1415.275,552.933,47.043,8.48,91
20,89,642.82,1591.227,1414.407,552.769,47.297,8.45,90
20,90,643.011,1579.798,1408.613,553.682,47.744,8.493,89
20,91,643.131,1577.274,1417.655,553.368,47.86,8.418,88
20,92,641.874,1595.462,1402.547,553.034,47.663,8.497,87
20,93,643.159,1589.264,1401.913,553.529,47.718,8.395,86
20,94,643.323,1578.477,1414.579,552.846,47.719,8.489,85
20,95,642.679,1590.284,1407.987,553.506,48.094,8.416,84
20,96,641.272,1586.872,1405.737,552.947,47.322,8.506,83
20,97,642.096,1590.393,1412.607,553.281,47.681,8.51,82
20,98,642.753,1587.26,1411.83,553.409,47.787,8.404,81
20,99,642.658,1584.44,1412.415,553.458,47.502,8.445,80
20,100,643.02,1588.225,1417.745,553.968,47.826,8.484,79
20,101,643.584,1589.777,1406.449,552.73,47.406,8.476,78
20,102,642.983,1583.211,1406.77,553.16,47.748,8.476,77
20,103,642.896,1583.974,1404.132,553.009,47.72,8.488,76
20,104,642.415,1588.04,1418.814,553.298,47.558,8.439,75
20,105,642.488,1589.07,1411.54,553.294,47.701,8.466,74
20,106,642.59,1597.289,1406.687,552.352,47.2,8.468,73
20,107,643.255,1586.856,1419.033,552.98,47.893,8.453,72
20,108,642.51,1589.582,1413.206,552.879,47.695,8.508,71
20,109,642.216,1587.913,1407.342,552.72,47.729,8.465,70
20,110,641.965,1588.39,1404.212,553.188,47.835,8.4,69
20,111,642.531,1590.808,1402.29,553.317,47.902,8.481,68
20,112,642.543,1580.212,1415.773,553.912,48.094,8.481,67
20,113,642.411,1592.865,1410.273,553.136,47.727,8.494,66
20,114,643.378,1593.837,1408.045,552.42,47.033,8.478,65
20,115,642.435,1591.311,1409.314,552.753,47.866,8.509,64
20,116,642.887,1596.441,1415.906,552.644,47.577,8.525,63
20,117,643.042,1585.271,1416.994,553.466,47.971,8.557,62
20,118,643.895,1596.737,1413.819,552.718,47.224,8.497,61
20,119,643.209,1590.053,1400.596,552.664,47.849,8.457,60
20,120,643.063,1591.667,1418.784,553.649,47.6,8.506,59
20,121,643.097,1592.599,1415.451,553.49,47.117,8.517,58
20,122,643.232,1589.123,1398.795,552.732,47.529,8.568,57
20,123,643.194,1586.945,1400.216,553.042,47.887,8.494,56
20,124,643.309,1588.796,1419.088,553.228,47.309,8.448,55
20,125,643.964,1593.981,1405.264,551.931,47.777,8.459,54
20,126,642.921,1590.126,1412.45,553.264,48.19,8.487,53
20,127,642.567,1591.934,1422.937,552.484,47.95,8.474,52
20,128,643.098,1585.794,1413.368,552.611,47.896,8.58,51
20,129,642.926,1582.507,1412.247,552.804,47.801,8.504,50
20,130,643.784,1591.115,1412.987,552.25,47.32,8.525,49
20,131,643.237,1586.397,1413.507,552.551,47.607,8.481,48
20,132,643.322,1589.796,1410.386,552.176,47.737,8.551,47
20,133,643.246,1589.816,1415.941,553.273,47.899,8.526,46
20,134,643.453,1590.197,1415.354,552.331,47.395,8.53,45
20,135,643.335,1589.744,1420.624,552.198,47.347,8.49,44
20,136,642.499,1592.312,1410.057,553.035,48.037,8.482,43
20,137,642.842,1593.164,1420.61,551.521,47.873,8.433,42
20,138,642.972,1595.467,1432.951,552.391,47.497,8.501,41
20,139,643.261,1588.478,1409.506,552.281,47.915,8.516,40
20,140,642.848,1588.545,1412.734,551.979,47.646,8.55,39
20,141,643.155,1584.278,1421.53,552.67,47.483,8.511,38
20,142,642.915,1594.067,1413.315,552.409,47.789,8.468,37
20,143,643.918,1594.076,1411.225,552.525,48.086,8.531,36
20,144,643.999,1603.165,1415.117,552.121,47.602,8.441,35
20,145,643.874,1590.148,1421.292,552.934,47.586,8.494,34
20,146,644.111,1591.349,1412.244,551.857,47.828,8.593,33
20,147,643.648,1592.425,1425.904,553.061,47.953,8.645,32
20,148,643.242,1596.158,1414.182,552.797,47.815,8.554,31
20,149,644.443,1595.642,1419.569,551.942,47.931,8.496,30
20,150,643.78,1595.351,1415.799,553.144,48.271,8.544,29
20,151,643.649,1589.619,1415.412,551.756,47.778,8.535,28
20,152,642.661,1594.35,1423.348,552.275,47.23,8.531,27
20,153,642.795,1589.674,1426.097,551.044,47.707,8.575,26
20,154,643.121,1589.068,1429.75,552.434,48.152,8.563,25
20,155,643.523,1597.308,1429.159,551.386,47.916,8.543,24
20,156,643.271,1596.247,1419.44,553.173,48.207,8.601,23
20,157,642.939,1589.169,1413.729,552.854,47.697,8.51,22
20,158,642.988,1603.476,1417.391,552.441,47.661,8.588,21
20,159,642.709,1588.619,1414.03,552.268,47.755,8.612,20
20,160,643.748,1589.847,1424.578,551.944,47.813,8.588,19
20,161,642.432,1595.616,1414.488,551.766,48.457,8.532,18
20,162,643.98,1593.866,1421.24,551.981,47.899,8.616,17
20,163,643.983,1590.822,1412.842,551.796,48.227,8.604,16
20,164,643.828,1586.426,1423.816,552.722,48.033,8.637,15
20,165,642.999,1595.704,1413.349,552.582,48.15,8.631,14
20,166,643.832,1591.422,1416.701,551.91,47.876,8.615,13
20,167,644.196,1587.124,1420.055,552.049,47.816,8.58,12
20,168,644.294,1596.751,1428.086,551.64,48.027,8.533,11
20,169,643.759,1594.574,1425.941,552.639,48.198,8.531,10
20,170,643.057,1595.41,1429.365,551.951,47.651,8.65,9
20,171,643.901,1594.088,1413.534,551.954,48.212,8.588,8
20,172,643.39,1593.249,1417.026,552.76,48.271,8.549,7
20,173,643.184,1594.663,1417.946,551.701,47.771,8.531,6
20,174,643.798,1592.558,1436.064,552.189,47.775,8.511,5
20,175,643.919,1592.113,1429.256,552.014,47.574,8.533,4
20,176,643.451,1595.543,1415.133,551.931,47.743,8.576,3
20,177,643.936,1599.696,1423.106,551.428,48.458,8.57,2
20,178,644.133,1591.473,1422.361,551.418,48.173,8.611,1
20,179,643.577,1591.796,1424.141,551.387,47.721,8.594,0
